LOCATION_NAME,SAMPLE COLLECTION TIME,DOSE EQUIVALENT RATE (nSv/h),GAMMA COUNT RATE R02 (CPM),GAMMA COUNT RATE R03 (CPM),GAMMA COUNT RATE R04 (CPM),GAMMA COUNT RATE R05 (CPM),GAMMA COUNT RATE R06 (CPM),GAMMA COUNT RATE R07 (CPM),GAMMA COUNT RATE R08 (CPM),GAMMA COUNT RATE R09 (CPM),STATUS
CA: SAN DIEGO,01/01/2009 00:56:00,,4659.00,1986.00,554.00,308.00,186.00,219.00,139.00,55.00,APPROVED
CA: SAN DIEGO,01/01/2009 01:56:00,,4667.00,1989.00,556.00,300.00,187.00,214.00,138.00,57.00,APPROVED
CA: SAN DIEGO,01/01/2009 02:56:00,,4686.00,1998.00,569.00,306.00,189.00,219.00,137.00,55.00,APPROVED
CA: SAN DIEGO,01/01/2009 03:56:00,,4796.00,2059.00,590.00,312.00,194.00,228.00,136.00,57.00,APPROVED
CA: SAN DIEGO,01/01/2009 04:57:00,,4871.00,2141.00,615.00,327.00,197.00,239.00,142.00,58.00,APPROVED
CA: SAN DIEGO,01/01/2009 05:57:00,,4922.00,2183.00,623.00,338.00,201.00,248.00,146.00,59.00,APPROVED
CA: SAN DIEGO,01/01/2009 06:57:00,,4984.00,2259.00,644.00,358.00,207.00,259.00,149.00,60.00,APPROVED
CA: SAN DIEGO,01/01/2009 07:57:00,,4985.00,2248.00,649.00,357.00,207.00,264.00,147.00,60.00,APPROVED
CA: SAN DIEGO,01/01/2009 08:57:00,,4940.00,2195.00,634.00,337.00,200.00,254.00,143.00,58.00,APPROVED
CA: SAN DIEGO,01/01/2009 09:58:00,,4912.00,2145.00,622.00,327.00,199.00,246.00,141.00,56.00,APPROVED
CA: SAN DIEGO,01/01/2009 10:58:00,,4961.00,2172.00,629.00,324.00,202.00,247.00,137.00,57.00,APPROVED
CA: SAN DIEGO,01/01/2009 16:59:00,,5154.00,2348.00,665.00,366.00,216.00,264.00,153.00,63.00,APPROVED
CA: SAN DIEGO,01/01/2009 17:59:00,,5137.00,2299.00,652.00,368.00,211.00,259.00,157.00,64.00,APPROVED
CA: SAN DIEGO,01/01/2009 18:59:00,,4993.00,2226.00,626.00,358.00,205.00,243.00,152.00,61.00,APPROVED
CA: SAN DIEGO,01/01/2009 19:59:00,,4850.00,2133.00,597.00,344.00,198.00,234.00,151.00,60.00,APPROVED
CA: SAN DIEGO,01/01/2009 21:00:00,,4834.00,2134.00,581.00,335.00,198.00,229.00,148.00,60.00,APPROVED
CA: SAN DIEGO,01/01/2009 22:00:00,,4863.00,2144.00,597.00,334.00,201.00,235.00,148.00,61.00,APPROVED
CA: SAN DIEGO,01/01/2009 23:00:00,,4848.00,2128.00,592.00,340.00,199.00,232.00,148.00,63.00,APPROVED
CA: SAN DIEGO,01/02/2009 00:00:00,,4852.00,2133.00,595.00,341.00,201.00,232.00,149.00,61.00,APPROVED
CA: SAN DIEGO,01/02/2009 01:00:00,,4831.00,2101.00,592.00,334.00,196.00,229.00,145.00,59.00,APPROVED
CA: SAN DIEGO,01/02/2009 02:01:00,,4825.00,2113.00,595.00,322.00,194.00,234.00,143.00,58.00,APPROVED
CA: SAN DIEGO,01/02/2009 03:01:00,,4824.00,2089.00,597.00,326.00,196.00,234.00,138.00,58.00,APPROVED
CA: SAN DIEGO,01/02/2009 04:01:00,,4858.00,2107.00,609.00,326.00,193.00,238.00,142.00,58.00,APPROVED
CA: SAN DIEGO,01/02/2009 05:01:00,,4885.00,2140.00,615.00,328.00,197.00,240.00,142.00,57.00,APPROVED
CA: SAN DIEGO,01/02/2009 06:01:00,,4891.00,2166.00,622.00,334.00,201.00,250.00,143.00,60.00,APPROVED
CA: SAN DIEGO,01/02/2009 07:02:00,,4977.00,2234.00,642.00,346.00,205.00,258.00,145.00,62.00,APPROVED
CA: SAN DIEGO,01/02/2009 08:02:00,,4944.00,2205.00,641.00,346.00,203.00,256.00,144.00,60.00,APPROVED
CA: SAN DIEGO,01/02/2009 09:02:00,,4921.00,2191.00,634.00,340.00,204.00,248.00,145.00,58.00,APPROVED
CA: SAN DIEGO,01/02/2009 10:02:00,,4940.00,2179.00,634.00,338.00,203.00,250.00,144.00,58.00,APPROVED
CA: SAN DIEGO,01/02/2009 11:02:00,,4947.00,2187.00,623.00,341.00,203.00,250.00,144.00,59.00,APPROVED
CA: SAN DIEGO,01/02/2009 12:03:00,,4867.00,2151.00,618.00,335.00,198.00,251.00,139.00,57.00,APPROVED
CA: SAN DIEGO,01/02/2009 13:03:00,,4703.00,2089.00,604.00,322.00,191.00,240.00,137.00,57.00,APPROVED
CA: SAN DIEGO,01/02/2009 14:03:00,,4679.00,2054.00,597.00,320.00,189.00,238.00,133.00,56.00,APPROVED
CA: SAN DIEGO,01/02/2009 15:03:00,,4599.00,2021.00,589.00,311.00,185.00,233.00,131.00,56.00,APPROVED
CA: SAN DIEGO,01/02/2009 16:03:00,,4557.00,1993.00,575.00,310.00,181.00,230.00,129.00,55.00,APPROVED
CA: SAN DIEGO,01/02/2009 17:04:00,,4521.00,1964.00,562.00,303.00,179.00,223.00,128.00,55.00,APPROVED
CA: SAN DIEGO,01/02/2009 18:04:00,,4492.00,1920.00,554.00,293.00,181.00,221.00,127.00,54.00,APPROVED
CA: SAN DIEGO,01/02/2009 19:04:00,,4481.00,1900.00,548.00,290.00,179.00,212.00,123.00,54.00,APPROVED
CA: SAN DIEGO,01/02/2009 20:04:00,,4496.00,1906.00,540.00,289.00,179.00,213.00,128.00,54.00,APPROVED
CA: SAN DIEGO,01/02/2009 21:04:00,,4508.00,1914.00,541.00,302.00,176.00,212.00,131.00,54.00,APPROVED
CA: SAN DIEGO,01/02/2009 22:05:00,,4538.00,1927.00,544.00,298.00,180.00,214.00,134.00,55.00,APPROVED
CA: SAN DIEGO,01/02/2009 23:05:00,,4608.00,1973.00,559.00,301.00,188.00,214.00,135.00,54.00,APPROVED
CA: SAN DIEGO,01/03/2009 00:05:00,,4601.00,1952.00,559.00,300.00,184.00,217.00,135.00,56.00,APPROVED
CA: SAN DIEGO,01/03/2009 01:05:00,,4574.00,1937.00,552.00,291.00,181.00,214.00,131.00,55.00,APPROVED
CA: SAN DIEGO,01/03/2009 02:05:00,,4621.00,1942.00,554.00,288.00,185.00,210.00,130.00,55.00,APPROVED
CA: SAN DIEGO,01/03/2009 03:05:00,,4701.00,1951.00,565.00,293.00,185.00,213.00,134.00,54.00,APPROVED
CA: SAN DIEGO,01/03/2009 04:06:00,,4721.00,1980.00,564.00,299.00,186.00,216.00,134.00,54.00,APPROVED
CA: SAN DIEGO,01/03/2009 05:06:00,,4709.00,1975.00,565.00,298.00,191.00,216.00,129.00,55.00,APPROVED
CA: SAN DIEGO,01/03/2009 06:06:00,,4700.00,1957.00,561.00,294.00,186.00,212.00,134.00,55.00,APPROVED
CA: SAN DIEGO,01/03/2009 07:06:00,,4678.00,1945.00,555.00,286.00,181.00,210.00,134.00,55.00,APPROVED
CA: SAN DIEGO,01/03/2009 08:06:00,,4649.00,1930.00,554.00,285.00,184.00,211.00,130.00,53.00,APPROVED
CA: SAN DIEGO,01/03/2009 09:07:00,,4675.00,1923.00,551.00,280.00,182.00,209.00,131.00,54.00,APPROVED
CA: SAN DIEGO,01/03/2009 10:07:00,,4658.00,1926.00,550.00,287.00,182.00,213.00,129.00,53.00,APPROVED
CA: SAN DIEGO,01/03/2009 11:07:00,,4667.00,1922.00,554.00,284.00,182.00,211.00,129.00,53.00,APPROVED
CA: SAN DIEGO,01/03/2009 12:07:00,,4670.00,1946.00,555.00,289.00,184.00,210.00,129.00,53.00,APPROVED
CA: SAN DIEGO,01/03/2009 13:07:00,,4705.00,1959.00,557.00,290.00,184.00,211.00,133.00,53.00,APPROVED
CA: SAN DIEGO,01/03/2009 14:08:00,,4761.00,1991.00,572.00,293.00,188.00,215.00,132.00,56.00,APPROVED
CA: SAN DIEGO,01/03/2009 15:08:00,,4754.00,1999.00,574.00,299.00,188.00,222.00,134.00,54.00,APPROVED
CA: SAN DIEGO,01/03/2009 16:08:00,,4732.00,1987.00,572.00,300.00,192.00,218.00,133.00,54.00,APPROVED
CA: SAN DIEGO,01/03/2009 17:08:00,,4718.00,1969.00,565.00,297.00,186.00,213.00,129.00,54.00,APPROVED
CA: SAN DIEGO,01/03/2009 18:08:00,,4673.00,1943.00,559.00,296.00,183.00,212.00,130.00,55.00,APPROVED
CA: SAN DIEGO,01/03/2009 19:09:00,,4584.00,1880.00,535.00,279.00,177.00,207.00,129.00,54.00,APPROVED
CA: SAN DIEGO,01/03/2009 20:09:00,,4548.00,1854.00,528.00,267.00,175.00,200.00,126.00,52.00,APPROVED
CA: SAN DIEGO,01/03/2009 21:09:00,,4552.00,1852.00,530.00,267.00,176.00,199.00,126.00,51.00,APPROVED
CA: SAN DIEGO,01/03/2009 22:09:00,,4535.00,1837.00,518.00,268.00,175.00,199.00,126.00,52.00,APPROVED
CA: SAN DIEGO,01/03/2009 23:09:00,,4537.00,1833.00,530.00,267.00,172.00,194.00,126.00,50.00,APPROVED
CA: SAN DIEGO,01/04/2009 00:10:00,,4561.00,1845.00,529.00,267.00,178.00,199.00,129.00,51.00,APPROVED
CA: SAN DIEGO,01/04/2009 01:10:00,,4567.00,1861.00,533.00,270.00,179.00,197.00,128.00,51.00,APPROVED
CA: SAN DIEGO,01/04/2009 02:10:00,,4582.00,1861.00,528.00,267.00,175.00,196.00,126.00,51.00,APPROVED
CA: SAN DIEGO,01/04/2009 03:10:00,,4562.00,1851.00,527.00,264.00,176.00,197.00,125.00,50.00,APPROVED
CA: SAN DIEGO,01/04/2009 04:10:00,,4571.00,1838.00,527.00,263.00,176.00,198.00,124.00,51.00,APPROVED
CA: SAN DIEGO,01/04/2009 05:11:00,,4562.00,1856.00,530.00,268.00,175.00,201.00,121.00,51.00,APPROVED
CA: SAN DIEGO,01/04/2009 06:11:00,,4580.00,1872.00,525.00,267.00,179.00,199.00,123.00,52.00,APPROVED
CA: SAN DIEGO,01/04/2009 07:11:00,,4570.00,1860.00,530.00,269.00,173.00,198.00,126.00,52.00,APPROVED
CA: SAN DIEGO,01/04/2009 08:11:00,,4597.00,1872.00,540.00,268.00,175.00,201.00,123.00,50.00,APPROVED
CA: SAN DIEGO,01/04/2009 09:11:00,,4614.00,1892.00,544.00,276.00,180.00,206.00,126.00,51.00,APPROVED
CA: SAN DIEGO,01/04/2009 10:12:00,,4608.00,1893.00,541.00,276.00,177.00,204.00,122.00,52.00,APPROVED
CA: SAN DIEGO,01/04/2009 11:12:00,,4624.00,1893.00,545.00,278.00,177.00,210.00,123.00,52.00,APPROVED
CA: SAN DIEGO,01/04/2009 12:12:00,,4615.00,1910.00,553.00,281.00,181.00,210.00,125.00,53.00,APPROVED
CA: SAN DIEGO,01/04/2009 13:12:00,,4666.00,1933.00,551.00,284.00,179.00,214.00,126.00,53.00,APPROVED
CA: SAN DIEGO,01/04/2009 14:12:00,,4699.00,1957.00,562.00,291.00,183.00,217.00,128.00,56.00,APPROVED
CA: SAN DIEGO,01/04/2009 15:13:00,,4733.00,2000.00,574.00,296.00,184.00,222.00,130.00,54.00,APPROVED
CA: SAN DIEGO,01/04/2009 16:13:00,,4746.00,2016.00,577.00,302.00,189.00,222.00,133.00,54.00,APPROVED
CA: SAN DIEGO,01/04/2009 17:13:00,,4728.00,2003.00,562.00,298.00,186.00,217.00,137.00,55.00,APPROVED
CA: SAN DIEGO,01/04/2009 18:13:00,,4675.00,1932.00,559.00,291.00,184.00,212.00,137.00,55.00,APPROVED
CA: SAN DIEGO,01/04/2009 19:13:00,,4654.00,1934.00,547.00,283.00,185.00,207.00,133.00,54.00,APPROVED
CA: SAN DIEGO,01/04/2009 20:13:00,,4661.00,1936.00,544.00,291.00,182.00,206.00,137.00,54.00,APPROVED
CA: SAN DIEGO,01/04/2009 21:14:00,,4665.00,1944.00,545.00,290.00,184.00,210.00,136.00,54.00,APPROVED
CA: SAN DIEGO,01/04/2009 22:14:00,,4688.00,1951.00,545.00,289.00,184.00,209.00,134.00,55.00,APPROVED
CA: SAN DIEGO,01/04/2009 23:14:00,,4670.00,1943.00,550.00,289.00,182.00,209.00,135.00,53.00,APPROVED
CA: SAN DIEGO,01/05/2009 00:14:00,,4669.00,1939.00,546.00,285.00,182.00,209.00,135.00,53.00,APPROVED
CA: SAN DIEGO,01/05/2009 01:14:00,,4650.00,1912.00,542.00,281.00,179.00,205.00,134.00,54.00,APPROVED
CA: SAN DIEGO,01/05/2009 02:15:00,,4662.00,1919.00,545.00,280.00,182.00,205.00,132.00,53.00,APPROVED
CA: SAN DIEGO,01/05/2009 03:15:00,,4651.00,1921.00,548.00,281.00,181.00,205.00,127.00,55.00,APPROVED
CA: SAN DIEGO,01/05/2009 04:15:00,,4654.00,1933.00,549.00,286.00,182.00,209.00,128.00,54.00,APPROVED
CA: SAN DIEGO,01/05/2009 05:15:00,,4686.00,1960.00,561.00,291.00,184.00,219.00,126.00,56.00,APPROVED
CA: SAN DIEGO,01/05/2009 06:15:00,,4689.00,1969.00,567.00,286.00,181.00,222.00,128.00,54.00,APPROVED
CA: SAN DIEGO,01/05/2009 17:18:00,,4357.00,1825.00,515.00,266.00,166.00,202.00,118.00,51.00,APPROVED
CA: SAN DIEGO,01/05/2009 18:18:00,,4329.00,1807.00,506.00,268.00,169.00,196.00,122.00,53.00,APPROVED
CA: SAN DIEGO,01/05/2009 19:18:00,,4256.00,1766.00,490.00,263.00,164.00,189.00,120.00,53.00,APPROVED
CA: SAN DIEGO,01/05/2009 20:17:00,,4290.00,1771.00,497.00,265.00,163.00,188.00,121.00,51.00,APPROVED
CA: SAN DIEGO,01/05/2009 21:36:00,,4287.00,1727.00,479.00,251.00,163.00,184.00,120.00,49.00,APPROVED
CA: SAN DIEGO,01/05/2009 22:36:00,,4298.00,1766.00,500.00,261.00,162.00,190.00,121.00,49.00,APPROVED
CA: SAN DIEGO,01/05/2009 23:36:00,,4342.00,1777.00,503.00,260.00,169.00,190.00,121.00,50.00,APPROVED
CA: SAN DIEGO,01/06/2009 00:37:00,,4407.00,1804.00,504.00,265.00,169.00,193.00,123.00,51.00,APPROVED
CA: SAN DIEGO,01/06/2009 01:37:00,,4459.00,1842.00,520.00,274.00,175.00,197.00,124.00,51.00,APPROVED
CA: SAN DIEGO,01/06/2009 02:37:00,,4538.00,1878.00,534.00,282.00,177.00,202.00,126.00,51.00,APPROVED
CA: SAN DIEGO,01/06/2009 03:37:00,,4568.00,1889.00,538.00,279.00,174.00,207.00,123.00,52.00,APPROVED
CA: SAN DIEGO,01/06/2009 04:37:00,,4621.00,1922.00,549.00,286.00,181.00,213.00,126.00,53.00,APPROVED
CA: SAN DIEGO,01/06/2009 05:38:00,,4795.00,2002.00,570.00,296.00,188.00,219.00,134.00,53.00,APPROVED
CA: SAN DIEGO,01/06/2009 06:38:00,,4786.00,2006.00,568.00,300.00,186.00,219.00,132.00,54.00,APPROVED
CA: SAN DIEGO,01/06/2009 07:38:00,,4759.00,1999.00,570.00,296.00,188.00,222.00,131.00,54.00,APPROVED
CA: SAN DIEGO,01/06/2009 08:38:00,,4735.00,1977.00,563.00,299.00,185.00,221.00,129.00,53.00,APPROVED
CA: SAN DIEGO,01/06/2009 09:38:00,,4736.00,1980.00,568.00,292.00,187.00,223.00,129.00,56.00,APPROVED
CA: SAN DIEGO,01/06/2009 10:39:00,,4724.00,1983.00,574.00,290.00,186.00,219.00,128.00,53.00,APPROVED
CA: SAN DIEGO,01/06/2009 11:39:00,,4723.00,1979.00,569.00,297.00,183.00,220.00,127.00,53.00,APPROVED
CA: SAN DIEGO,01/06/2009 12:39:00,,4543.00,1918.00,544.00,283.00,173.00,216.00,118.00,52.00,APPROVED
CA: SAN DIEGO,01/06/2009 13:39:00,,4454.00,1859.00,531.00,273.00,172.00,211.00,116.00,53.00,APPROVED
CA: SAN DIEGO,01/06/2009 14:39:00,,4425.00,1874.00,543.00,274.00,179.00,215.00,117.00,52.00,APPROVED
CA: SAN DIEGO,01/06/2009 15:40:00,,4431.00,1875.00,541.00,286.00,175.00,216.00,121.00,52.00,APPROVED
CA: SAN DIEGO,01/06/2009 16:40:00,,4433.00,1899.00,539.00,289.00,169.00,214.00,125.00,53.00,APPROVED
CA: SAN DIEGO,01/06/2009 17:40:00,,4389.00,1846.00,520.00,280.00,170.00,204.00,125.00,52.00,APPROVED
CA: SAN DIEGO,01/06/2009 18:40:00,,4305.00,1793.00,506.00,268.00,167.00,191.00,123.00,52.00,APPROVED
CA: SAN DIEGO,01/06/2009 19:40:00,,4293.00,1791.00,495.00,272.00,166.00,190.00,124.00,52.00,APPROVED
CA: SAN DIEGO,01/06/2009 20:41:00,,4248.00,1769.00,494.00,267.00,163.00,190.00,123.00,52.00,APPROVED
CA: SAN DIEGO,01/06/2009 21:41:00,,4280.00,1782.00,499.00,267.00,167.00,190.00,125.00,52.00,APPROVED
CA: SAN DIEGO,01/06/2009 22:41:00,,4349.00,1814.00,506.00,269.00,166.00,192.00,126.00,52.00,APPROVED
CA: SAN DIEGO,01/06/2009 23:41:00,,4318.00,1789.00,503.00,268.00,164.00,193.00,122.00,50.00,APPROVED
CA: SAN DIEGO,01/07/2009 00:41:00,,4410.00,1823.00,511.00,270.00,173.00,196.00,127.00,52.00,APPROVED
CA: SAN DIEGO,01/07/2009 01:42:00,,4503.00,1858.00,524.00,269.00,175.00,196.00,125.00,54.00,APPROVED
CA: SAN DIEGO,01/07/2009 02:42:00,,4524.00,1863.00,529.00,277.00,173.00,199.00,125.00,53.00,APPROVED
CA: SAN DIEGO,01/07/2009 03:42:00,,4575.00,1885.00,533.00,278.00,179.00,202.00,126.00,52.00,APPROVED
CA: SAN DIEGO,01/07/2009 04:42:00,,4683.00,1973.00,566.00,290.00,183.00,216.00,132.00,51.00,APPROVED
CA: SAN DIEGO,01/07/2009 05:42:00,,4748.00,1996.00,573.00,301.00,184.00,221.00,131.00,54.00,APPROVED
CA: SAN DIEGO,01/07/2009 06:42:00,,4762.00,2026.00,580.00,304.00,189.00,227.00,131.00,56.00,APPROVED
CA: SAN DIEGO,01/07/2009 07:43:00,,4773.00,2032.00,587.00,301.00,188.00,231.00,132.00,56.00,APPROVED
CA: SAN DIEGO,01/07/2009 08:43:00,,4752.00,2021.00,578.00,304.00,186.00,231.00,135.00,55.00,APPROVED
CA: SAN DIEGO,01/07/2009 09:43:00,,4770.00,2016.00,580.00,302.00,187.00,228.00,131.00,54.00,APPROVED
CA: SAN DIEGO,01/07/2009 10:43:00,,4870.00,2088.00,594.00,313.00,195.00,238.00,132.00,57.00,APPROVED
CA: SAN DIEGO,01/07/2009 11:43:00,,4854.00,2096.00,609.00,317.00,194.00,239.00,134.00,58.00,APPROVED
CA: SAN DIEGO,01/07/2009 12:44:00,,4653.00,2023.00,585.00,312.00,186.00,230.00,130.00,56.00,APPROVED
CA: SAN DIEGO,01/07/2009 13:44:00,,4635.00,2039.00,584.00,307.00,184.00,232.00,131.00,57.00,APPROVED
CA: SAN DIEGO,01/07/2009 14:44:00,,4641.00,2047.00,582.00,311.00,182.00,229.00,130.00,55.00,APPROVED
CA: SAN DIEGO,01/07/2009 15:44:00,,4634.00,2036.00,583.00,313.00,184.00,230.00,134.00,55.00,APPROVED
CA: SAN DIEGO,01/07/2009 16:44:00,,4636.00,2018.00,572.00,317.00,183.00,222.00,135.00,57.00,APPROVED
CA: SAN DIEGO,01/07/2009 17:45:00,,4519.00,1981.00,559.00,314.00,184.00,218.00,136.00,56.00,APPROVED
CA: SAN DIEGO,01/07/2009 18:45:00,,4346.00,1869.00,518.00,293.00,169.00,200.00,133.00,55.00,APPROVED
CA: SAN DIEGO,01/07/2009 20:45:00,,4254.00,1830.00,514.00,284.00,169.00,195.00,128.00,55.00,APPROVED
CA: SAN DIEGO,01/07/2009 21:45:00,,4291.00,1833.00,509.00,279.00,166.00,196.00,129.00,55.00,APPROVED
CA: SAN DIEGO,01/07/2009 22:46:00,,4324.00,1842.00,516.00,282.00,168.00,199.00,128.00,54.00,APPROVED
CA: SAN DIEGO,01/07/2009 23:46:00,,4462.00,1923.00,537.00,293.00,179.00,205.00,131.00,57.00,APPROVED
CA: SAN DIEGO,01/08/2009 00:46:00,,4555.00,1939.00,543.00,305.00,180.00,211.00,136.00,55.00,APPROVED
CA: SAN DIEGO,01/08/2009 01:46:00,,4639.00,1992.00,557.00,305.00,185.00,216.00,137.00,56.00,APPROVED
CA: SAN DIEGO,01/08/2009 02:46:00,,4693.00,1984.00,557.00,304.00,184.00,214.00,135.00,56.00,APPROVED
CA: SAN DIEGO,01/08/2009 03:47:00,,4680.00,1988.00,562.00,304.00,186.00,216.00,136.00,56.00,APPROVED
CA: SAN DIEGO,01/08/2009 04:47:00,,4769.00,2024.00,581.00,310.00,187.00,223.00,138.00,55.00,APPROVED
CA: SAN DIEGO,01/08/2009 05:47:00,,4855.00,2085.00,587.00,316.00,198.00,227.00,140.00,57.00,APPROVED
CA: SAN DIEGO,01/08/2009 06:47:00,,4929.00,2149.00,618.00,329.00,203.00,239.00,146.00,57.00,APPROVED
CA: SAN DIEGO,01/08/2009 07:47:00,,4971.00,2229.00,641.00,352.00,205.00,253.00,150.00,59.00,APPROVED
CA: SAN DIEGO,01/08/2009 08:48:00,,5028.00,2255.00,647.00,357.00,212.00,262.00,149.00,61.00,APPROVED
CA: SAN DIEGO,01/08/2009 09:48:00,,5081.00,2328.00,670.00,377.00,212.00,269.00,156.00,63.00,APPROVED
CA: SAN DIEGO,01/08/2009 10:48:00,,5124.00,2363.00,683.00,377.00,215.00,273.00,156.00,63.00,APPROVED
CA: SAN DIEGO,01/08/2009 11:48:00,,5093.00,2326.00,671.00,371.00,213.00,271.00,155.00,62.00,APPROVED
CA: SAN DIEGO,01/08/2009 12:48:00,,4847.00,2221.00,637.00,350.00,202.00,258.00,147.00,61.00,APPROVED
CA: SAN DIEGO,01/08/2009 13:48:00,,4776.00,2173.00,629.00,345.00,198.00,249.00,143.00,59.00,APPROVED
CA: SAN DIEGO,01/08/2009 14:49:00,,4762.00,2159.00,624.00,337.00,193.00,249.00,140.00,61.00,APPROVED
CA: SAN DIEGO,01/08/2009 15:49:00,,4756.00,2142.00,605.00,334.00,188.00,239.00,142.00,59.00,APPROVED
CA: SAN DIEGO,01/08/2009 16:49:00,,4662.00,2104.00,592.00,339.00,190.00,234.00,144.00,59.00,APPROVED
CA: SAN DIEGO,01/08/2009 17:49:00,,4587.00,2059.00,569.00,333.00,185.00,227.00,141.00,60.00,APPROVED
CA: SAN DIEGO,01/08/2009 18:49:00,,4497.00,2009.00,555.00,325.00,185.00,222.00,139.00,58.00,APPROVED
CA: SAN DIEGO,01/08/2009 19:50:00,,4471.00,1990.00,550.00,323.00,183.00,219.00,141.00,59.00,APPROVED
CA: SAN DIEGO,01/08/2009 20:50:00,,4543.00,2018.00,560.00,329.00,187.00,221.00,140.00,60.00,APPROVED
CA: SAN DIEGO,01/08/2009 21:50:00,,4611.00,2060.00,564.00,338.00,188.00,225.00,142.00,61.00,APPROVED
CA: SAN DIEGO,01/08/2009 22:50:00,,4554.00,2007.00,558.00,322.00,185.00,221.00,140.00,58.00,APPROVED
CA: SAN DIEGO,01/08/2009 23:50:00,,4590.00,1991.00,563.00,309.00,181.00,218.00,140.00,58.00,APPROVED
CA: SAN DIEGO,01/09/2009 00:51:00,,4659.00,2017.00,573.00,318.00,187.00,221.00,138.00,58.00,APPROVED
CA: SAN DIEGO,01/09/2009 01:51:00,,4699.00,2024.00,573.00,314.00,187.00,221.00,136.00,59.00,APPROVED
CA: SAN DIEGO,01/09/2009 02:51:00,,4731.00,2055.00,593.00,316.00,191.00,230.00,141.00,56.00,APPROVED
CA: SAN DIEGO,01/09/2009 03:51:00,,4773.00,2068.00,585.00,324.00,195.00,227.00,142.00,55.00,APPROVED
CA: SAN DIEGO,01/09/2009 04:51:00,,4846.00,2112.00,604.00,332.00,197.00,237.00,145.00,58.00,APPROVED
CA: SAN DIEGO,01/09/2009 05:52:00,,4906.00,2143.00,614.00,335.00,202.00,239.00,148.00,58.00,APPROVED
CA: SAN DIEGO,01/09/2009 06:52:00,,4889.00,2157.00,607.00,336.00,205.00,241.00,145.00,58.00,APPROVED
CA: SAN DIEGO,01/09/2009 07:52:00,,4895.00,2162.00,615.00,340.00,202.00,240.00,147.00,60.00,APPROVED
CA: SAN DIEGO,01/09/2009 08:52:00,,4910.00,2156.00,616.00,340.00,206.00,241.00,148.00,58.00,APPROVED
CA: SAN DIEGO,01/09/2009 09:52:00,,4955.00,2175.00,627.00,348.00,203.00,243.00,145.00,60.00,APPROVED
CA: SAN DIEGO,01/09/2009 10:53:00,,4982.00,2224.00,632.00,356.00,209.00,249.00,154.00,59.00,APPROVED
CA: SAN DIEGO,01/09/2009 11:53:00,,4959.00,2214.00,625.00,360.00,208.00,254.00,154.00,60.00,APPROVED
CA: SAN DIEGO,01/09/2009 12:53:00,,4784.00,2130.00,609.00,337.00,200.00,241.00,145.00,57.00,APPROVED
CA: SAN DIEGO,01/09/2009 13:53:00,,4720.00,2087.00,596.00,338.00,192.00,235.00,141.00,60.00,APPROVED
CA: SAN DIEGO,01/09/2009 14:53:00,,4681.00,2085.00,593.00,339.00,197.00,234.00,142.00,57.00,APPROVED
CA: SAN DIEGO,01/09/2009 15:54:00,,4699.00,2104.00,598.00,341.00,196.00,238.00,146.00,57.00,APPROVED
CA: SAN DIEGO,01/09/2009 16:54:00,,4737.00,2165.00,615.00,357.00,201.00,244.00,147.00,61.00,APPROVED
CA: SAN DIEGO,01/09/2009 17:54:00,,4762.00,2202.00,628.00,369.00,201.00,251.00,147.00,61.00,APPROVED
CA: SAN DIEGO,01/09/2009 18:54:00,,4734.00,2166.00,611.00,372.00,199.00,252.00,149.00,63.00,APPROVED
CA: SAN DIEGO,01/09/2009 19:54:00,,4658.00,2106.00,595.00,357.00,195.00,239.00,145.00,62.00,APPROVED
CA: SAN DIEGO,01/09/2009 20:55:00,,4597.00,2088.00,582.00,345.00,194.00,233.00,147.00,60.00,APPROVED
CA: SAN DIEGO,01/09/2009 21:55:00,,4651.00,2098.00,580.00,349.00,196.00,234.00,146.00,60.00,APPROVED
CA: SAN DIEGO,01/09/2009 22:55:00,,4650.00,2082.00,578.00,341.00,197.00,232.00,147.00,60.00,APPROVED
CA: SAN DIEGO,01/09/2009 23:55:00,,4648.00,2066.00,575.00,336.00,193.00,229.00,143.00,61.00,APPROVED
CA: SAN DIEGO,01/10/2009 00:55:00,,4621.00,2035.00,571.00,326.00,190.00,225.00,139.00,59.00,APPROVED
CA: SAN DIEGO,01/10/2009 01:55:00,,4600.00,1980.00,561.00,309.00,187.00,220.00,139.00,56.00,APPROVED
CA: SAN DIEGO,01/10/2009 02:56:00,,4549.00,1938.00,552.00,292.00,178.00,211.00,132.00,54.00,APPROVED
CA: SAN DIEGO,01/10/2009 03:56:00,,4565.00,1906.00,542.00,285.00,179.00,201.00,127.00,56.00,APPROVED
CA: SAN DIEGO,01/10/2009 04:56:00,,4626.00,1926.00,545.00,283.00,183.00,209.00,133.00,55.00,APPROVED
CA: SAN DIEGO,01/10/2009 05:56:00,,4673.00,1950.00,553.00,288.00,184.00,209.00,131.00,56.00,APPROVED
CA: SAN DIEGO,01/10/2009 06:56:00,,4673.00,1943.00,557.00,284.00,183.00,208.00,133.00,55.00,APPROVED
CA: SAN DIEGO,01/10/2009 07:57:00,,4698.00,1957.00,560.00,287.00,183.00,210.00,133.00,55.00,APPROVED
CA: SAN DIEGO,01/10/2009 08:57:00,,4688.00,1970.00,560.00,288.00,185.00,212.00,131.00,54.00,APPROVED
CA: SAN DIEGO,01/10/2009 09:57:00,,4694.00,1972.00,570.00,290.00,187.00,219.00,130.00,57.00,APPROVED
CA: SAN DIEGO,01/10/2009 10:57:00,,4682.00,1958.00,567.00,286.00,182.00,218.00,125.00,54.00,APPROVED
CA: SAN DIEGO,01/10/2009 11:57:00,,4666.00,1944.00,558.00,282.00,184.00,216.00,127.00,53.00,APPROVED
CA: SAN DIEGO,01/10/2009 12:58:00,,4675.00,1950.00,566.00,282.00,185.00,217.00,126.00,54.00,APPROVED
CA: SAN DIEGO,01/10/2009 13:58:00,,4659.00,1921.00,560.00,284.00,181.00,215.00,127.00,53.00,APPROVED
CA: SAN DIEGO,01/10/2009 14:58:00,,4653.00,1918.00,553.00,283.00,181.00,214.00,128.00,53.00,APPROVED
CA: SAN DIEGO,01/10/2009 15:58:00,,4669.00,1943.00,551.00,284.00,182.00,208.00,128.00,53.00,APPROVED
CA: SAN DIEGO,01/10/2009 16:58:00,,4664.00,1937.00,553.00,291.00,184.00,206.00,131.00,54.00,APPROVED
CA: SAN DIEGO,01/10/2009 17:59:00,,4631.00,1947.00,552.00,288.00,181.00,208.00,136.00,54.00,APPROVED
CA: SAN DIEGO,01/10/2009 18:59:00,,4609.00,1944.00,549.00,296.00,184.00,208.00,138.00,56.00,APPROVED
CA: SAN DIEGO,01/10/2009 19:59:00,,4586.00,1941.00,539.00,293.00,182.00,209.00,140.00,56.00,APPROVED
CA: SAN DIEGO,01/10/2009 20:59:00,,4557.00,1938.00,544.00,292.00,181.00,209.00,140.00,55.00,APPROVED
CA: SAN DIEGO,01/10/2009 21:59:00,,4532.00,1907.00,540.00,291.00,181.00,208.00,136.00,55.00,APPROVED
CA: SAN DIEGO,01/10/2009 23:00:00,,4525.00,1911.00,537.00,285.00,177.00,208.00,137.00,55.00,APPROVED
CA: SAN DIEGO,01/11/2009 00:00:00,,4543.00,1912.00,535.00,288.00,174.00,206.00,135.00,54.00,APPROVED
CA: SAN DIEGO,01/11/2009 01:00:00,,4534.00,1920.00,536.00,284.00,180.00,204.00,138.00,53.00,APPROVED
CA: SAN DIEGO,01/11/2009 02:00:00,,4553.00,1908.00,538.00,287.00,178.00,204.00,135.00,54.00,APPROVED
CA: SAN DIEGO,01/11/2009 03:00:00,,4569.00,1909.00,533.00,285.00,183.00,203.00,135.00,53.00,APPROVED
CA: SAN DIEGO,01/11/2009 04:01:00,,4551.00,1906.00,538.00,279.00,178.00,199.00,136.00,54.00,APPROVED
CA: SAN DIEGO,01/11/2009 05:01:00,,4571.00,1895.00,535.00,282.00,178.00,204.00,134.00,54.00,APPROVED
CA: SAN DIEGO,01/11/2009 06:01:00,,4567.00,1906.00,537.00,279.00,179.00,200.00,134.00,51.00,APPROVED
CA: SAN DIEGO,01/11/2009 07:01:00,,4625.00,1925.00,542.00,283.00,180.00,206.00,136.00,54.00,APPROVED
CA: SAN DIEGO,01/11/2009 08:01:00,,4678.00,1938.00,555.00,287.00,180.00,207.00,131.00,55.00,APPROVED
CA: SAN DIEGO,01/11/2009 09:02:00,,4676.00,1947.00,552.00,286.00,184.00,209.00,135.00,55.00,APPROVED
CA: SAN DIEGO,01/11/2009 10:02:00,,4686.00,1952.00,561.00,292.00,181.00,211.00,132.00,53.00,APPROVED
CA: SAN DIEGO,01/11/2009 11:02:00,,4710.00,1963.00,565.00,291.00,182.00,211.00,136.00,55.00,APPROVED
CA: SAN DIEGO,01/11/2009 12:02:00,,4684.00,1967.00,566.00,292.00,180.00,215.00,129.00,55.00,APPROVED
CA: SAN DIEGO,01/11/2009 13:02:00,,4681.00,1948.00,563.00,286.00,186.00,213.00,130.00,55.00,APPROVED
CA: SAN DIEGO,01/11/2009 14:03:00,,4680.00,1945.00,556.00,285.00,183.00,211.00,129.00,55.00,APPROVED
CA: SAN DIEGO,01/11/2009 15:03:00,,4695.00,1951.00,563.00,285.00,184.00,212.00,127.00,54.00,APPROVED
CA: SAN DIEGO,01/11/2009 16:03:00,,4698.00,1965.00,558.00,291.00,184.00,208.00,131.00,53.00,APPROVED
CA: SAN DIEGO,01/11/2009 17:03:00,,4735.00,2004.00,567.00,301.00,189.00,215.00,138.00,56.00,APPROVED
CA: SAN DIEGO,01/11/2009 18:03:00,,4687.00,2022.00,563.00,310.00,188.00,217.00,141.00,58.00,APPROVED
CA: SAN DIEGO,01/11/2009 19:03:00,,4649.00,2009.00,562.00,310.00,189.00,217.00,143.00,58.00,APPROVED
CA: SAN DIEGO,01/11/2009 20:04:00,,4606.00,1996.00,557.00,308.00,186.00,215.00,145.00,56.00,APPROVED
CA: SAN DIEGO,01/11/2009 21:04:00,,4618.00,2004.00,551.00,307.00,186.00,218.00,146.00,57.00,APPROVED
CA: SAN DIEGO,01/11/2009 22:04:00,,4588.00,2002.00,554.00,310.00,188.00,217.00,143.00,57.00,APPROVED
CA: SAN DIEGO,01/11/2009 23:04:00,,4620.00,1984.00,558.00,305.00,186.00,216.00,142.00,58.00,APPROVED
CA: SAN DIEGO,01/12/2009 00:04:00,,4614.00,1994.00,551.00,304.00,186.00,218.00,141.00,57.00,APPROVED
CA: SAN DIEGO,01/12/2009 01:05:00,,4647.00,1993.00,554.00,306.00,186.00,217.00,144.00,57.00,APPROVED
CA: SAN DIEGO,01/12/2009 02:05:00,,4669.00,1999.00,560.00,304.00,186.00,215.00,140.00,57.00,APPROVED
CA: SAN DIEGO,01/12/2009 03:05:00,,4764.00,2051.00,580.00,319.00,192.00,224.00,143.00,57.00,APPROVED
CA: SAN DIEGO,01/12/2009 04:05:00,,4818.00,2090.00,592.00,327.00,194.00,230.00,143.00,58.00,APPROVED
CA: SAN DIEGO,01/12/2009 05:05:00,,4761.00,2045.00,578.00,312.00,191.00,220.00,140.00,59.00,APPROVED
CA: SAN DIEGO,01/12/2009 06:06:00,,4718.00,2015.00,565.00,307.00,188.00,222.00,142.00,55.00,APPROVED
CA: SAN DIEGO,01/12/2009 07:06:00,,4752.00,2019.00,566.00,311.00,189.00,219.00,140.00,56.00,APPROVED
CA: SAN DIEGO,01/12/2009 08:06:00,,4731.00,2026.00,570.00,312.00,191.00,218.00,144.00,57.00,APPROVED
CA: SAN DIEGO,01/12/2009 09:06:00,,4718.00,2030.00,568.00,309.00,189.00,218.00,141.00,58.00,APPROVED
CA: SAN DIEGO,01/12/2009 10:06:00,,4701.00,2031.00,569.00,313.00,191.00,221.00,143.00,57.00,APPROVED
CA: SAN DIEGO,01/12/2009 11:07:00,,4713.00,2009.00,570.00,306.00,190.00,217.00,141.00,57.00,APPROVED
CA: SAN DIEGO,01/12/2009 12:07:00,,4632.00,1958.00,554.00,300.00,183.00,207.00,138.00,55.00,APPROVED
CA: SAN DIEGO,01/12/2009 13:07:00,,4555.00,1927.00,541.00,293.00,180.00,205.00,134.00,54.00,APPROVED
CA: SAN DIEGO,01/12/2009 14:07:00,,4544.00,1949.00,547.00,292.00,181.00,207.00,132.00,53.00,APPROVED
CA: SAN DIEGO,01/12/2009 15:07:00,,4536.00,1951.00,547.00,301.00,181.00,211.00,133.00,56.00,APPROVED
CA: SAN DIEGO,01/12/2009 16:08:00,,4472.00,1938.00,553.00,301.00,178.00,212.00,132.00,58.00,APPROVED
CA: SAN DIEGO,01/12/2009 17:08:00,,4349.00,1898.00,531.00,301.00,175.00,206.00,131.00,55.00,APPROVED
CA: SAN DIEGO,01/12/2009 18:08:00,,4288.00,1863.00,521.00,296.00,171.00,203.00,132.00,57.00,APPROVED
CA: SAN DIEGO,01/12/2009 19:08:00,,4198.00,1828.00,512.00,285.00,171.00,200.00,130.00,56.00,APPROVED
CA: SAN DIEGO,01/12/2009 19:52:00,,4159.00,1798.00,506.00,279.00,164.00,197.00,129.00,55.00,APPROVED
CA: SAN DIEGO,01/12/2009 21:09:00,,4127.00,1744.00,488.00,264.00,163.00,190.00,123.00,52.00,APPROVED
CA: SAN DIEGO,01/12/2009 22:09:00,,4168.00,1779.00,496.00,266.00,164.00,196.00,128.00,50.00,APPROVED
CA: SAN DIEGO,01/12/2009 23:10:00,,4259.00,1810.00,506.00,275.00,167.00,198.00,130.00,54.00,APPROVED
CA: SAN DIEGO,01/13/2009 00:10:00,,4329.00,1835.00,508.00,275.00,172.00,199.00,129.00,52.00,APPROVED
CA: SAN DIEGO,01/13/2009 01:10:00,,4414.00,1866.00,518.00,278.00,173.00,198.00,131.00,52.00,APPROVED
CA: SAN DIEGO,01/13/2009 02:10:00,,4472.00,1859.00,516.00,275.00,172.00,198.00,134.00,52.00,APPROVED
CA: SAN DIEGO,01/13/2009 03:10:00,,4497.00,1857.00,515.00,277.00,176.00,200.00,131.00,52.00,APPROVED
CA: SAN DIEGO,01/13/2009 04:11:00,,4531.00,1898.00,530.00,287.00,176.00,202.00,131.00,53.00,APPROVED
CA: SAN DIEGO,01/13/2009 05:11:00,,4643.00,1955.00,548.00,298.00,181.00,208.00,134.00,54.00,APPROVED
CA: SAN DIEGO,01/13/2009 06:11:00,,4663.00,1958.00,552.00,295.00,189.00,208.00,138.00,55.00,APPROVED
CA: SAN DIEGO,01/13/2009 07:11:00,,4677.00,1968.00,550.00,296.00,186.00,209.00,135.00,55.00,APPROVED
CA: SAN DIEGO,01/13/2009 08:11:00,,4699.00,1982.00,552.00,299.00,184.00,212.00,136.00,53.00,APPROVED
CA: SAN DIEGO,01/13/2009 09:12:00,,4682.00,1981.00,558.00,299.00,187.00,210.00,137.00,56.00,APPROVED
CA: SAN DIEGO,01/13/2009 10:12:00,,4659.00,1947.00,550.00,294.00,184.00,209.00,136.00,55.00,APPROVED
CA: SAN DIEGO,01/13/2009 11:12:00,,4642.00,1939.00,544.00,287.00,184.00,211.00,136.00,56.00,APPROVED
CA: SAN DIEGO,01/13/2009 12:12:00,,4575.00,1921.00,541.00,286.00,182.00,209.00,130.00,52.00,APPROVED
CA: SAN DIEGO,01/13/2009 13:12:00,,4465.00,1882.00,527.00,282.00,172.00,202.00,127.00,54.00,APPROVED
CA: SAN DIEGO,01/13/2009 14:13:00,,4440.00,1874.00,520.00,281.00,176.00,204.00,128.00,52.00,APPROVED
CA: SAN DIEGO,01/13/2009 15:13:00,,4401.00,1867.00,520.00,281.00,172.00,198.00,125.00,52.00,APPROVED
CA: SAN DIEGO,01/13/2009 16:13:00,,4396.00,1847.00,521.00,278.00,169.00,198.00,128.00,54.00,APPROVED
CA: SAN DIEGO,01/13/2009 17:13:00,,4315.00,1828.00,513.00,278.00,169.00,195.00,127.00,54.00,APPROVED
CA: SAN DIEGO,01/13/2009 18:13:00,,4239.00,1794.00,499.00,275.00,168.00,197.00,128.00,54.00,APPROVED
CA: SAN DIEGO,01/13/2009 19:14:00,,4177.00,1773.00,494.00,265.00,164.00,187.00,124.00,52.00,APPROVED
CA: SAN DIEGO,01/13/2009 20:14:00,,4169.00,1773.00,491.00,267.00,163.00,190.00,121.00,53.00,APPROVED
CA: SAN DIEGO,01/13/2009 21:14:00,,4199.00,1789.00,498.00,276.00,165.00,196.00,127.00,51.00,APPROVED
CA: SAN DIEGO,01/13/2009 22:14:00,,4327.00,1845.00,513.00,279.00,174.00,202.00,132.00,53.00,APPROVED
CA: SAN DIEGO,01/13/2009 23:14:00,,4338.00,1856.00,516.00,284.00,172.00,203.00,133.00,53.00,APPROVED
CA: SAN DIEGO,01/14/2009 00:15:00,,4369.00,1876.00,518.00,282.00,174.00,200.00,135.00,54.00,APPROVED
CA: SAN DIEGO,01/14/2009 01:15:00,,4458.00,1894.00,525.00,286.00,176.00,203.00,134.00,55.00,APPROVED
CA: SAN DIEGO,01/14/2009 02:15:00,,4515.00,1901.00,531.00,286.00,177.00,205.00,136.00,53.00,APPROVED
CA: SAN DIEGO,01/14/2009 03:15:00,,4567.00,1938.00,539.00,293.00,179.00,210.00,134.00,53.00,APPROVED
CA: SAN DIEGO,01/14/2009 04:15:00,,4609.00,1946.00,543.00,295.00,181.00,207.00,134.00,53.00,APPROVED
CA: SAN DIEGO,01/14/2009 05:15:00,,4715.00,1994.00,561.00,299.00,184.00,214.00,139.00,56.00,APPROVED
CA: SAN DIEGO,01/14/2009 06:16:00,,4748.00,2026.00,568.00,306.00,190.00,212.00,138.00,55.00,APPROVED
CA: SAN DIEGO,01/14/2009 07:16:00,,4764.00,2029.00,567.00,305.00,193.00,216.00,142.00,56.00,APPROVED
CA: SAN DIEGO,01/14/2009 08:16:00,,4752.00,2025.00,566.00,305.00,189.00,217.00,138.00,56.00,APPROVED
CA: SAN DIEGO,01/14/2009 09:16:00,,4746.00,2032.00,569.00,307.00,193.00,216.00,140.00,55.00,APPROVED
CA: SAN DIEGO,01/14/2009 10:16:00,,4762.00,2036.00,573.00,305.00,191.00,218.00,140.00,57.00,APPROVED
CA: SAN DIEGO,01/14/2009 11:17:00,,4725.00,2012.00,567.00,302.00,188.00,218.00,135.00,56.00,APPROVED
CA: SAN DIEGO,01/14/2009 12:17:00,,4649.00,1966.00,563.00,298.00,185.00,213.00,132.00,54.00,APPROVED
CA: SAN DIEGO,01/14/2009 13:17:00,,4560.00,1924.00,546.00,282.00,180.00,207.00,126.00,53.00,APPROVED
CA: SAN DIEGO,01/14/2009 14:17:00,,4505.00,1899.00,536.00,286.00,178.00,206.00,128.00,54.00,APPROVED
CA: SAN DIEGO,01/14/2009 15:17:00,,4467.00,1899.00,540.00,287.00,174.00,205.00,129.00,55.00,APPROVED
CA: SAN DIEGO,01/14/2009 16:18:00,,4463.00,1915.00,536.00,291.00,177.00,204.00,130.00,54.00,APPROVED
CA: SAN DIEGO,01/14/2009 17:18:00,,4413.00,1915.00,534.00,294.00,179.00,204.00,133.00,57.00,APPROVED
CA: SAN DIEGO,01/14/2009 18:18:00,,4353.00,1911.00,526.00,301.00,176.00,207.00,133.00,56.00,APPROVED
CA: SAN DIEGO,01/14/2009 19:18:00,,4253.00,1856.00,512.00,289.00,174.00,201.00,133.00,55.00,APPROVED
CA: SAN DIEGO,01/14/2009 20:18:00,,4228.00,1844.00,510.00,285.00,172.00,201.00,132.00,56.00,APPROVED
CA: SAN DIEGO,01/14/2009 21:19:00,,4262.00,1862.00,508.00,288.00,170.00,202.00,131.00,56.00,APPROVED
CA: SAN DIEGO,01/14/2009 22:19:00,,4369.00,1896.00,529.00,292.00,176.00,206.00,136.00,55.00,APPROVED
CA: SAN DIEGO,01/14/2009 23:19:00,,4487.00,1944.00,542.00,302.00,182.00,211.00,139.00,57.00,APPROVED
CA: SAN DIEGO,01/15/2009 00:19:00,,4549.00,1940.00,541.00,300.00,181.00,212.00,138.00,56.00,APPROVED
CA: SAN DIEGO,01/15/2009 01:19:00,,4588.00,1953.00,549.00,295.00,179.00,211.00,136.00,58.00,APPROVED
CA: SAN DIEGO,01/15/2009 02:20:00,,4611.00,1970.00,549.00,297.00,184.00,205.00,139.00,57.00,APPROVED
CA: SAN DIEGO,01/15/2009 03:20:00,,4666.00,1996.00,552.00,304.00,190.00,213.00,139.00,54.00,APPROVED
CA: SAN DIEGO,01/15/2009 04:20:00,,4700.00,2004.00,557.00,307.00,187.00,218.00,142.00,58.00,APPROVED
CA: SAN DIEGO,01/15/2009 05:20:00,,4764.00,2038.00,576.00,315.00,195.00,216.00,140.00,57.00,APPROVED
CA: SAN DIEGO,01/15/2009 06:20:00,,4774.00,2057.00,571.00,319.00,192.00,226.00,140.00,56.00,APPROVED
CA: SAN DIEGO,01/15/2009 07:21:00,,4779.00,2060.00,575.00,316.00,193.00,219.00,142.00,58.00,APPROVED
CA: SAN DIEGO,01/15/2009 08:21:00,,4773.00,2032.00,573.00,310.00,192.00,220.00,140.00,58.00,APPROVED
CA: SAN DIEGO,01/15/2009 09:21:00,,4780.00,2049.00,573.00,311.00,192.00,219.00,140.00,56.00,APPROVED
CA: SAN DIEGO,01/15/2009 10:21:00,,4803.00,2057.00,583.00,312.00,191.00,224.00,141.00,55.00,APPROVED
CA: SAN DIEGO,01/15/2009 11:21:00,,4837.00,2083.00,587.00,316.00,195.00,225.00,140.00,57.00,APPROVED
CA: SAN DIEGO,01/15/2009 12:22:00,,4654.00,2018.00,572.00,305.00,184.00,220.00,137.00,56.00,APPROVED
CA: SAN DIEGO,01/15/2009 13:22:00,,4515.00,1929.00,542.00,290.00,178.00,206.00,130.00,54.00,APPROVED
CA: SAN DIEGO,01/15/2009 14:22:00,,4502.00,1915.00,540.00,287.00,179.00,208.00,129.00,54.00,APPROVED
CA: SAN DIEGO,01/15/2009 15:22:00,,4446.00,1906.00,526.00,285.00,176.00,205.00,129.00,54.00,APPROVED
CA: SAN DIEGO,01/15/2009 16:22:00,,4479.00,1936.00,537.00,299.00,176.00,203.00,131.00,55.00,APPROVED
CA: SAN DIEGO,01/15/2009 17:23:00,,4414.00,1916.00,532.00,298.00,180.00,209.00,132.00,57.00,APPROVED
CA: SAN DIEGO,01/15/2009 18:23:00,,4318.00,1883.00,521.00,299.00,169.00,202.00,132.00,57.00,APPROVED
CA: SAN DIEGO,01/15/2009 19:23:00,,4295.00,1860.00,515.00,291.00,170.00,200.00,134.00,55.00,APPROVED
CA: SAN DIEGO,01/15/2009 20:23:00,,4270.00,1851.00,513.00,287.00,171.00,202.00,132.00,56.00,APPROVED
CA: SAN DIEGO,01/15/2009 21:23:00,,4314.00,1886.00,518.00,291.00,174.00,204.00,134.00,56.00,APPROVED
CA: SAN DIEGO,01/15/2009 22:23:00,,4338.00,1880.00,525.00,295.00,178.00,208.00,133.00,55.00,APPROVED
CA: SAN DIEGO,01/15/2009 23:24:00,,4440.00,1926.00,531.00,295.00,178.00,209.00,137.00,57.00,APPROVED
CA: SAN DIEGO,01/16/2009 00:24:00,,4537.00,1950.00,542.00,296.00,182.00,208.00,140.00,55.00,APPROVED
CA: SAN DIEGO,01/16/2009 01:24:00,,4568.00,1952.00,543.00,295.00,182.00,207.00,139.00,56.00,APPROVED
CA: SAN DIEGO,01/16/2009 02:24:00,,4623.00,1965.00,549.00,296.00,180.00,209.00,136.00,56.00,APPROVED
CA: SAN DIEGO,01/16/2009 03:24:00,,4672.00,1983.00,553.00,296.00,182.00,211.00,135.00,56.00,APPROVED
CA: SAN DIEGO,01/16/2009 04:25:00,,4689.00,1995.00,563.00,301.00,186.00,213.00,136.00,55.00,APPROVED
CA: SAN DIEGO,01/16/2009 05:25:00,,4756.00,2041.00,571.00,308.00,192.00,220.00,139.00,56.00,APPROVED
CA: SAN DIEGO,01/16/2009 06:25:00,,4757.00,2026.00,570.00,306.00,187.00,221.00,140.00,57.00,APPROVED
CA: SAN DIEGO,01/16/2009 07:25:00,,4772.00,2037.00,577.00,306.00,189.00,218.00,139.00,56.00,APPROVED
CA: SAN DIEGO,01/16/2009 08:25:00,,4785.00,2049.00,576.00,309.00,191.00,220.00,140.00,55.00,APPROVED
CA: SAN DIEGO,01/16/2009 09:26:00,,4837.00,2067.00,582.00,313.00,194.00,222.00,139.00,56.00,APPROVED
CA: SAN DIEGO,01/16/2009 10:26:00,,4826.00,2092.00,591.00,319.00,194.00,226.00,142.00,57.00,APPROVED
CA: SAN DIEGO,01/16/2009 11:26:00,,4803.00,2068.00,587.00,315.00,189.00,225.00,139.00,56.00,APPROVED
CA: SAN DIEGO,01/16/2009 12:26:00,,4685.00,2030.00,575.00,308.00,187.00,222.00,135.00,59.00,APPROVED
CA: SAN DIEGO,01/16/2009 13:26:00,,4605.00,1995.00,570.00,304.00,185.00,215.00,134.00,57.00,APPROVED
CA: SAN DIEGO,01/16/2009 14:27:00,,4582.00,2012.00,570.00,308.00,182.00,213.00,134.00,56.00,APPROVED
CA: SAN DIEGO,01/16/2009 15:27:00,,4594.00,2009.00,572.00,312.00,186.00,221.00,135.00,57.00,APPROVED
CA: SAN DIEGO,01/16/2009 16:27:00,,4562.00,1997.00,563.00,319.00,183.00,219.00,137.00,57.00,APPROVED
CA: SAN DIEGO,01/16/2009 17:27:00,,4521.00,2001.00,558.00,318.00,187.00,220.00,136.00,58.00,APPROVED
CA: SAN DIEGO,01/16/2009 18:27:00,,4395.00,1922.00,537.00,310.00,179.00,209.00,137.00,58.00,APPROVED
CA: SAN DIEGO,01/16/2009 19:28:00,,4361.00,1902.00,530.00,297.00,178.00,207.00,137.00,57.00,APPROVED
CA: SAN DIEGO,01/16/2009 20:28:00,,4368.00,1905.00,527.00,293.00,174.00,207.00,135.00,56.00,APPROVED
CA: SAN DIEGO,01/16/2009 21:28:00,,4416.00,1926.00,538.00,301.00,179.00,208.00,139.00,55.00,APPROVED
CA: SAN DIEGO,01/16/2009 22:27:00,,4467.00,1947.00,532.00,303.00,179.00,211.00,140.00,58.00,APPROVED
CA: SAN DIEGO,01/16/2009 23:27:00,,4484.00,1957.00,544.00,303.00,179.00,208.00,138.00,58.00,APPROVED
CA: SAN DIEGO,01/17/2009 00:28:00,,4546.00,1972.00,543.00,306.00,187.00,212.00,139.00,56.00,APPROVED
CA: SAN DIEGO,01/17/2009 01:28:00,,4573.00,1979.00,550.00,304.00,184.00,214.00,140.00,55.00,APPROVED
CA: SAN DIEGO,01/17/2009 02:28:00,,4610.00,1975.00,550.00,299.00,183.00,210.00,136.00,55.00,APPROVED
CA: SAN DIEGO,01/17/2009 03:28:00,,4702.00,2031.00,561.00,305.00,187.00,217.00,139.00,58.00,APPROVED
CA: SAN DIEGO,01/17/2009 04:28:00,,4753.00,2060.00,572.00,318.00,191.00,219.00,142.00,59.00,APPROVED
CA: SAN DIEGO,01/17/2009 05:29:00,,4857.00,2112.00,592.00,325.00,196.00,231.00,146.00,58.00,APPROVED
CA: SAN DIEGO,01/17/2009 06:29:00,,4895.00,2154.00,598.00,334.00,198.00,235.00,149.00,59.00,APPROVED
CA: SAN DIEGO,01/17/2009 07:29:00,,4888.00,2141.00,608.00,333.00,199.00,233.00,146.00,58.00,APPROVED
CA: SAN DIEGO,01/17/2009 08:29:00,,4895.00,2139.00,604.00,329.00,198.00,234.00,146.00,60.00,APPROVED
CA: SAN DIEGO,01/17/2009 09:29:00,,4883.00,2124.00,598.00,333.00,199.00,232.00,147.00,59.00,APPROVED
CA: SAN DIEGO,01/17/2009 10:30:00,,4882.00,2138.00,606.00,327.00,197.00,228.00,147.00,59.00,APPROVED
CA: SAN DIEGO,01/17/2009 11:30:00,,4927.00,2151.00,608.00,331.00,202.00,236.00,147.00,59.00,APPROVED
CA: SAN DIEGO,01/17/2009 12:30:00,,4934.00,2172.00,612.00,338.00,200.00,238.00,150.00,60.00,APPROVED
CA: SAN DIEGO,01/17/2009 13:30:00,,4909.00,2178.00,619.00,335.00,204.00,241.00,148.00,59.00,APPROVED
CA: SAN DIEGO,01/17/2009 14:30:00,,4919.00,2167.00,621.00,339.00,203.00,241.00,148.00,58.00,APPROVED
CA: SAN DIEGO,01/17/2009 15:30:00,,4886.00,2171.00,621.00,338.00,200.00,239.00,146.00,59.00,APPROVED
CA: SAN DIEGO,01/17/2009 16:31:00,,4924.00,2204.00,614.00,346.00,205.00,242.00,150.00,60.00,APPROVED
CA: SAN DIEGO,01/17/2009 17:31:00,,4924.00,2246.00,627.00,367.00,207.00,249.00,155.00,65.00,APPROVED
CA: SAN DIEGO,01/17/2009 18:31:00,,4833.00,2180.00,605.00,356.00,201.00,238.00,157.00,63.00,APPROVED
CA: SAN DIEGO,01/17/2009 19:31:00,,4699.00,2103.00,587.00,341.00,194.00,229.00,150.00,61.00,APPROVED
CA: SAN DIEGO,01/17/2009 20:31:00,,4696.00,2084.00,578.00,334.00,192.00,227.00,150.00,60.00,APPROVED
CA: SAN DIEGO,01/17/2009 21:32:00,,4691.00,2088.00,582.00,333.00,195.00,230.00,149.00,61.00,APPROVED
CA: SAN DIEGO,01/17/2009 22:32:00,,4717.00,2101.00,585.00,328.00,196.00,228.00,150.00,61.00,APPROVED
CA: SAN DIEGO,01/17/2009 23:32:00,,4764.00,2102.00,579.00,335.00,193.00,230.00,148.00,60.00,APPROVED
CA: SAN DIEGO,01/18/2009 00:32:00,,4774.00,2095.00,574.00,329.00,192.00,227.00,149.00,60.00,APPROVED
CA: SAN DIEGO,01/18/2009 01:32:00,,4773.00,2089.00,580.00,327.00,195.00,224.00,148.00,58.00,APPROVED
CA: SAN DIEGO,01/18/2009 02:33:00,,4798.00,2093.00,582.00,321.00,193.00,221.00,147.00,59.00,APPROVED
CA: SAN DIEGO,01/18/2009 03:33:00,,4829.00,2097.00,584.00,326.00,196.00,227.00,148.00,60.00,APPROVED
CA: SAN DIEGO,01/18/2009 04:33:00,,4846.00,2104.00,587.00,321.00,195.00,225.00,147.00,59.00,APPROVED
CA: SAN DIEGO,01/18/2009 05:33:00,,4865.00,2110.00,592.00,325.00,196.00,229.00,145.00,60.00,APPROVED
CA: SAN DIEGO,01/18/2009 06:33:00,,4903.00,2147.00,601.00,332.00,200.00,233.00,149.00,60.00,APPROVED
CA: SAN DIEGO,01/18/2009 07:34:00,,4959.00,2203.00,617.00,348.00,205.00,239.00,150.00,62.00,APPROVED
CA: SAN DIEGO,01/18/2009 08:34:00,,4957.00,2202.00,624.00,349.00,204.00,240.00,154.00,61.00,APPROVED
CA: SAN DIEGO,01/18/2009 09:34:00,,4956.00,2198.00,619.00,347.00,203.00,243.00,152.00,60.00,APPROVED
CA: SAN DIEGO,01/18/2009 10:34:00,,4940.00,2173.00,612.00,341.00,201.00,240.00,150.00,59.00,APPROVED
CA: SAN DIEGO,01/18/2009 11:34:00,,4902.00,2150.00,604.00,332.00,200.00,234.00,150.00,60.00,APPROVED
CA: SAN DIEGO,01/18/2009 12:35:00,,4885.00,2160.00,606.00,333.00,200.00,233.00,149.00,60.00,APPROVED
CA: SAN DIEGO,01/18/2009 13:35:00,,4896.00,2153.00,605.00,333.00,199.00,232.00,146.00,58.00,APPROVED
CA: SAN DIEGO,01/18/2009 14:35:00,,4876.00,2126.00,599.00,331.00,198.00,230.00,147.00,59.00,APPROVED
CA: SAN DIEGO,01/18/2009 15:35:00,,4850.00,2113.00,600.00,331.00,198.00,227.00,145.00,60.00,APPROVED
CA: SAN DIEGO,01/18/2009 16:35:00,,4824.00,2087.00,589.00,326.00,196.00,228.00,145.00,60.00,APPROVED
CA: SAN DIEGO,01/18/2009 17:36:00,,4783.00,2111.00,585.00,335.00,199.00,228.00,151.00,61.00,APPROVED
CA: SAN DIEGO,01/18/2009 18:36:00,,4692.00,2109.00,584.00,339.00,196.00,232.00,152.00,62.00,APPROVED
CA: SAN DIEGO,01/19/2009 01:37:00,,4754.00,2077.00,583.00,323.00,194.00,224.00,147.00,59.00,APPROVED
CA: SAN DIEGO,01/19/2009 02:37:00,,4819.00,2115.00,585.00,329.00,194.00,227.00,148.00,59.00,APPROVED
CA: SAN DIEGO,01/19/2009 03:38:00,,4858.00,2147.00,598.00,343.00,199.00,236.00,148.00,61.00,APPROVED
CA: SAN DIEGO,01/19/2009 04:38:00,,4882.00,2173.00,609.00,348.00,202.00,234.00,151.00,63.00,APPROVED
CA: SAN DIEGO,01/19/2009 05:38:00,,4889.00,2169.00,605.00,347.00,204.00,238.00,151.00,62.00,APPROVED
CA: SAN DIEGO,01/19/2009 06:38:00,,4862.00,2156.00,605.00,339.00,202.00,235.00,149.00,62.00,APPROVED
CA: SAN DIEGO,01/19/2009 07:38:00,,4884.00,2172.00,602.00,341.00,198.00,234.00,149.00,63.00,APPROVED
CA: SAN DIEGO,01/19/2009 08:39:00,,4889.00,2199.00,611.00,351.00,204.00,241.00,151.00,61.00,APPROVED
CA: SAN DIEGO,01/19/2009 09:39:00,,4917.00,2202.00,606.00,349.00,204.00,241.00,150.00,61.00,APPROVED
CA: SAN DIEGO,01/19/2009 10:39:00,,4940.00,2209.00,616.00,346.00,206.00,240.00,153.00,63.00,APPROVED
CA: SAN DIEGO,01/19/2009 11:39:00,,4928.00,2203.00,615.00,349.00,200.00,240.00,153.00,63.00,APPROVED
CA: SAN DIEGO,01/19/2009 12:39:00,,4912.00,2191.00,614.00,348.00,205.00,239.00,150.00,63.00,APPROVED
CA: SAN DIEGO,01/19/2009 13:39:00,,4912.00,2191.00,614.00,353.00,204.00,241.00,151.00,64.00,APPROVED
CA: SAN DIEGO,01/19/2009 14:40:00,,4901.00,2198.00,619.00,348.00,204.00,238.00,150.00,63.00,APPROVED
CA: SAN DIEGO,01/19/2009 16:40:00,,4894.00,2212.00,617.00,359.00,205.00,244.00,153.00,62.00,APPROVED
CA: SAN DIEGO,01/19/2009 19:41:00,,4610.00,2082.00,579.00,339.00,196.00,235.00,152.00,62.00,APPROVED
CA: SAN DIEGO,01/20/2009 05:43:00,,5062.00,2352.00,647.00,395.00,214.00,260.00,165.00,66.00,APPROVED
CA: SAN DIEGO,01/20/2009 20:30:00,,4610.00,541.00,30.00,54.00,49.00,16.00,31.00,12.00,APPROVED
CA: SAN DIEGO,01/20/2009 21:31:00,,4629.00,555.00,31.00,55.00,50.00,16.00,35.00,12.00,APPROVED
CA: SAN DIEGO,01/20/2009 22:31:00,,4801.00,583.00,32.00,60.00,52.00,16.00,35.00,13.00,APPROVED
CA: SAN DIEGO,01/20/2009 23:31:00,,4868.00,582.00,33.00,63.00,53.00,16.00,35.00,12.00,APPROVED
CA: SAN DIEGO,01/21/2009 00:31:00,,4924.00,588.00,33.00,65.00,51.00,17.00,35.00,12.00,APPROVED
CA: SAN DIEGO,01/21/2009 01:31:00,,4949.00,592.00,32.00,70.00,48.00,16.00,36.00,12.00,APPROVED
CA: SAN DIEGO,01/21/2009 02:32:00,,5043.00,604.00,32.00,73.00,48.00,17.00,37.00,13.00,APPROVED
CA: SAN DIEGO,01/21/2009 03:32:00,,5047.00,604.00,32.00,77.00,44.00,17.00,38.00,12.00,APPROVED
CA: SAN DIEGO,01/21/2009 04:32:00,,5081.00,613.00,32.00,79.00,42.00,18.00,38.00,12.00,APPROVED
CA: SAN DIEGO,01/21/2009 05:32:00,,5269.00,635.00,34.00,82.00,45.00,19.00,39.00,13.00,APPROVED
CA: SAN DIEGO,01/21/2009 06:32:00,,5312.00,634.00,33.00,85.00,42.00,19.00,40.00,12.00,APPROVED
CA: SAN DIEGO,01/21/2009 14:34:00,,5388.00,686.00,35.00,90.00,39.00,22.00,44.00,13.00,APPROVED
CA: SAN DIEGO,01/21/2009 21:35:00,,4712.00,560.00,31.00,65.00,48.00,16.00,34.00,13.00,APPROVED
CA: SAN DIEGO,01/21/2009 22:35:00,,4817.00,568.00,30.00,64.00,50.00,17.00,35.00,12.00,APPROVED
CA: SAN DIEGO,01/21/2009 23:36:00,,4866.00,584.00,32.00,65.00,52.00,17.00,36.00,13.00,APPROVED
CA: SAN DIEGO,01/22/2009 00:36:00,,4873.00,581.00,32.00,61.00,52.00,16.00,36.00,12.00,APPROVED
CA: SAN DIEGO,01/22/2009 01:36:00,,4897.00,583.00,32.00,64.00,52.00,17.00,36.00,14.00,APPROVED
CA: SAN DIEGO,01/22/2009 03:36:00,,5078.00,609.00,33.00,75.00,46.00,18.00,38.00,12.00,APPROVED
CA: SAN DIEGO,01/22/2009 04:37:00,,5291.00,663.00,34.00,82.00,44.00,20.00,42.00,13.00,APPROVED
CA: SAN DIEGO,01/22/2009 05:37:00,,5298.00,657.00,36.00,89.00,42.00,20.00,43.00,13.00,APPROVED
CA: SAN DIEGO,01/22/2009 06:37:00,,5380.00,672.00,36.00,92.00,42.00,20.00,41.00,13.00,APPROVED
CA: SAN DIEGO,01/22/2009 07:37:00,,5309.00,655.00,33.00,92.00,39.00,20.00,42.00,13.00,APPROVED
CA: SAN DIEGO,01/22/2009 08:37:00,,5191.00,630.00,32.00,89.00,37.00,20.00,39.00,13.00,APPROVED
CA: SAN DIEGO,01/22/2009 09:38:00,,5238.00,636.00,32.00,91.00,37.00,19.00,39.00,13.00,APPROVED
CA: SAN DIEGO,01/22/2009 10:38:00,,5252.00,639.00,32.00,92.00,35.00,20.00,40.00,12.00,APPROVED
CA: SAN DIEGO,01/22/2009 11:38:00,,5354.00,661.00,35.00,97.00,37.00,21.00,43.00,13.00,APPROVED
CA: SAN DIEGO,01/22/2009 13:38:00,,5372.00,691.00,35.00,95.00,36.00,21.00,43.00,14.00,APPROVED
CA: SAN DIEGO,01/22/2009 14:39:00,,5494.00,706.00,37.00,98.00,37.00,22.00,47.00,14.00,APPROVED
CA: SAN DIEGO,01/22/2009 15:39:00,,5529.00,714.00,38.00,95.00,38.00,24.00,48.00,13.00,APPROVED
CA: SAN DIEGO,01/22/2009 16:39:00,,5586.00,741.00,39.00,100.00,38.00,24.00,49.00,13.00,APPROVED
CA: SAN DIEGO,01/22/2009 17:39:00,,5415.00,711.00,37.00,97.00,41.00,25.00,49.00,14.00,APPROVED
CA: SAN DIEGO,01/22/2009 18:39:00,,5083.00,643.00,35.00,85.00,40.00,20.00,44.00,14.00,APPROVED
CA: SAN DIEGO,01/22/2009 19:40:00,,4872.00,593.00,31.00,76.00,44.00,18.00,40.00,13.00,APPROVED
CA: SAN DIEGO,01/22/2009 20:40:00,,4869.00,590.00,30.00,70.00,45.00,18.00,40.00,12.00,APPROVED
CA: SAN DIEGO,01/22/2009 21:40:00,,4809.00,579.00,32.00,68.00,46.00,18.00,38.00,12.00,APPROVED
CA: SAN DIEGO,01/22/2009 22:40:00,,4938.00,598.00,33.00,69.00,48.00,18.00,38.00,13.00,APPROVED
CA: SAN DIEGO,01/22/2009 23:41:00,,4992.00,600.00,33.00,67.00,52.00,18.00,39.00,13.00,APPROVED
CA: SAN DIEGO,01/23/2009 00:41:00,,5055.00,609.00,32.00,67.00,52.00,18.00,41.00,13.00,APPROVED
CA: SAN DIEGO,01/30/2009 21:01:00,,4700.00,559.00,32.00,58.00,51.00,17.00,36.00,12.00,APPROVED
CA: SAN DIEGO,01/30/2009 22:01:00,,4726.00,557.00,31.00,60.00,51.00,17.00,34.00,12.00,APPROVED
CA: SAN DIEGO,01/30/2009 23:01:00,,4805.00,560.00,30.00,64.00,51.00,17.00,34.00,13.00,APPROVED
CA: SAN DIEGO,01/31/2009 00:02:00,,4828.00,567.00,31.00,61.00,53.00,17.00,35.00,12.00,APPROVED
CA: SAN DIEGO,01/31/2009 01:02:00,,4866.00,569.00,29.00,64.00,50.00,16.00,33.00,12.00,APPROVED
CA: SAN DIEGO,01/31/2009 02:02:00,,4915.00,574.00,31.00,70.00,48.00,17.00,35.00,13.00,APPROVED
CA: SAN DIEGO,01/31/2009 03:02:00,,4956.00,578.00,29.00,75.00,41.00,17.00,34.00,12.00,APPROVED
CA: SAN DIEGO,01/31/2009 04:02:00,,5037.00,580.00,30.00,83.00,40.00,17.00,34.00,12.00,APPROVED
CA: SAN DIEGO,01/31/2009 05:03:00,,5152.00,614.00,31.00,88.00,35.00,19.00,38.00,12.00,APPROVED
CA: SAN DIEGO,01/31/2009 06:03:00,,5258.00,628.00,31.00,92.00,35.00,19.00,37.00,13.00,APPROVED
CA: SAN DIEGO,01/31/2009 07:03:00,,5283.00,623.00,33.00,95.00,32.00,20.00,38.00,13.00,APPROVED
CA: SAN DIEGO,01/31/2009 08:03:00,,5266.00,619.00,31.00,98.00,32.00,20.00,37.00,13.00,APPROVED
CA: SAN DIEGO,01/31/2009 09:03:00,,5206.00,613.00,31.00,96.00,28.00,20.00,36.00,13.00,APPROVED
CA: SAN DIEGO,01/31/2009 10:04:00,,5249.00,622.00,31.00,95.00,29.00,19.00,36.00,13.00,APPROVED
CA: SAN DIEGO,01/31/2009 11:04:00,,5311.00,627.00,30.00,97.00,28.00,19.00,37.00,13.00,APPROVED
CA: SAN DIEGO,01/31/2009 12:04:00,,5323.00,628.00,31.00,98.00,27.00,21.00,36.00,12.00,APPROVED
CA: SAN DIEGO,01/31/2009 13:04:00,,5332.00,636.00,30.00,99.00,28.00,22.00,37.00,13.00,APPROVED
CA: SAN DIEGO,01/31/2009 15:05:00,,5354.00,642.00,31.00,100.00,27.00,22.00,37.00,13.00,APPROVED
CA: SAN DIEGO,01/31/2009 16:05:00,,5361.00,634.00,31.00,102.00,27.00,22.00,36.00,14.00,APPROVED
CA: SAN DIEGO,01/31/2009 17:05:00,,5402.00,652.00,33.00,95.00,36.00,21.00,38.00,12.00,APPROVED
CA: SAN DIEGO,01/31/2009 18:05:00,,5494.00,682.00,35.00,86.00,48.00,21.00,42.00,14.00,APPROVED
CA: SAN DIEGO,01/31/2009 19:05:00,,5431.00,664.00,37.00,78.00,56.00,20.00,43.00,13.00,APPROVED
CA: SAN DIEGO,01/31/2009 20:06:00,,5269.00,637.00,36.00,71.00,58.00,19.00,41.00,13.00,APPROVED
CA: SAN DIEGO,01/31/2009 21:06:00,,5272.00,632.00,35.00,68.00,59.00,18.00,39.00,14.00,APPROVED
CA: SAN DIEGO,01/31/2009 22:06:00,,5233.00,629.00,35.00,66.00,55.00,18.00,38.00,14.00,APPROVED
CA: SAN DIEGO,01/31/2009 23:06:00,,5209.00,623.00,35.00,71.00,57.00,18.00,37.00,13.00,APPROVED
CA: SAN DIEGO,02/01/2009 00:06:00,,5201.00,619.00,33.00,70.00,55.00,19.00,38.00,13.00,APPROVED
CA: SAN DIEGO,02/01/2009 01:07:00,,5217.00,619.00,34.00,72.00,52.00,19.00,38.00,13.00,APPROVED
CA: SAN DIEGO,02/01/2009 02:07:00,,5248.00,619.00,32.00,77.00,47.00,18.00,37.00,12.00,APPROVED
CA: SAN DIEGO,02/01/2009 03:07:00,,5261.00,618.00,31.00,86.00,40.00,18.00,37.00,13.00,APPROVED
CA: SAN DIEGO,02/01/2009 04:07:00,,5263.00,624.00,31.00,92.00,35.00,19.00,35.00,13.00,APPROVED
CA: SAN DIEGO,02/02/2009 19:15:00,,4921.00,601.00,33.00,67.00,51.00,18.00,40.00,13.00,APPROVED
CA: SAN DIEGO,02/02/2009 19:49:00,,4866.00,591.00,32.00,63.00,53.00,17.00,38.00,13.00,APPROVED
CA: SAN DIEGO,02/02/2009 22:08:00,,4884.00,583.00,33.00,60.00,54.00,17.00,36.00,12.00,APPROVED
CA: SAN DIEGO,02/02/2009 23:08:00,,4956.00,589.00,32.00,63.00,55.00,17.00,36.00,12.00,APPROVED
CA: SAN DIEGO,02/03/2009 00:09:00,,4994.00,592.00,33.00,63.00,55.00,17.00,36.00,12.00,APPROVED
CA: SAN DIEGO,02/03/2009 01:09:00,,4999.00,589.00,32.00,64.00,55.00,18.00,36.00,12.00,APPROVED
CA: SAN DIEGO,02/03/2009 02:09:00,,5019.00,594.00,31.00,70.00,52.00,17.00,36.00,13.00,APPROVED
CA: SAN DIEGO,02/03/2009 03:09:00,,5063.00,589.00,30.00,76.00,45.00,17.00,34.00,13.00,APPROVED
CA: SAN DIEGO,02/03/2009 04:09:00,,5131.00,608.00,31.00,84.00,40.00,18.00,35.00,12.00,APPROVED
CA: SAN DIEGO,02/03/2009 05:10:00,,5215.00,631.00,32.00,89.00,37.00,19.00,36.00,12.00,APPROVED
CA: SAN DIEGO,02/03/2009 06:10:00,,5296.00,623.00,31.00,94.00,33.00,19.00,36.00,13.00,APPROVED
CA: SAN DIEGO,02/03/2009 07:10:00,,5239.00,619.00,30.00,92.00,32.00,20.00,37.00,12.00,APPROVED
CA: SAN DIEGO,02/03/2009 08:10:00,,5219.00,618.00,30.00,95.00,28.00,20.00,36.00,12.00,APPROVED
CA: SAN DIEGO,02/03/2009 09:10:00,,5243.00,618.00,30.00,95.00,30.00,19.00,35.00,12.00,APPROVED
CA: SAN DIEGO,02/03/2009 10:11:00,,5265.00,618.00,31.00,97.00,30.00,20.00,37.00,12.00,APPROVED
CA: SAN DIEGO,02/03/2009 11:11:00,,5290.00,627.00,31.00,99.00,29.00,20.00,36.00,13.00,APPROVED
CA: SAN DIEGO,02/03/2009 12:11:00,,5311.00,635.00,31.00,101.00,28.00,20.00,37.00,12.00,APPROVED
CA: SAN DIEGO,02/03/2009 13:11:00,,5100.00,605.00,30.00,94.00,26.00,20.00,34.00,12.00,APPROVED
CA: SAN DIEGO,02/03/2009 14:11:00,,5035.00,591.00,29.00,94.00,24.00,20.00,35.00,13.00,APPROVED
CA: SAN DIEGO,02/03/2009 17:12:00,,4900.00,592.00,30.00,83.00,30.00,19.00,36.00,12.00,APPROVED
CA: SAN DIEGO,02/03/2009 18:12:00,,4802.00,569.00,30.00,72.00,45.00,17.00,37.00,12.00,APPROVED
CA: SAN DIEGO,02/03/2009 19:12:00,,4743.00,563.00,30.00,64.00,49.00,16.00,34.00,13.00,APPROVED
CA: SAN DIEGO,02/03/2009 20:13:00,,4681.00,551.00,31.00,56.00,51.00,16.00,34.00,12.00,APPROVED
CA: SAN DIEGO,02/03/2009 21:13:00,,4698.00,554.00,31.00,57.00,51.00,18.00,34.00,13.00,APPROVED
CA: SAN DIEGO,02/03/2009 22:13:00,,4827.00,572.00,33.00,58.00,55.00,18.00,35.00,13.00,APPROVED
CA: SAN DIEGO,02/03/2009 23:13:00,,4841.00,572.00,33.00,58.00,54.00,16.00,34.00,13.00,APPROVED
CA: SAN DIEGO,02/04/2009 00:13:00,,4965.00,589.00,32.00,62.00,55.00,16.00,36.00,12.00,APPROVED
CA: SAN DIEGO,02/04/2009 01:14:00,,5016.00,585.00,32.00,64.00,53.00,17.00,35.00,12.00,APPROVED
CA: SAN DIEGO,02/04/2009 11:16:00,,5360.00,638.00,31.00,100.00,29.00,21.00,37.00,13.00,APPROVED
CA: SAN DIEGO,02/04/2009 12:16:00,,5312.00,626.00,31.00,101.00,28.00,21.00,36.00,13.00,APPROVED
CA: SAN DIEGO,02/04/2009 13:16:00,,5125.00,608.00,30.00,94.00,28.00,20.00,36.00,12.00,APPROVED
CA: SAN DIEGO,02/04/2009 14:16:00,,5093.00,603.00,30.00,90.00,29.00,19.00,35.00,13.00,APPROVED
CA: SAN DIEGO,02/04/2009 15:16:00,,5076.00,608.00,30.00,91.00,28.00,20.00,36.00,13.00,APPROVED
CA: SAN DIEGO,02/04/2009 16:17:00,,4974.00,594.00,29.00,90.00,28.00,19.00,35.00,12.00,APPROVED
CA: SAN DIEGO,02/04/2009 18:17:00,,4868.00,590.00,32.00,72.00,47.00,17.00,39.00,13.00,APPROVED
CA: SAN DIEGO,02/04/2009 21:18:00,,4703.00,559.00,32.00,56.00,50.00,18.00,35.00,12.00,APPROVED
CA: SAN DIEGO,02/04/2009 22:18:00,,4751.00,565.00,31.00,57.00,53.00,16.00,36.00,13.00,APPROVED
CA: SAN DIEGO,02/04/2009 23:18:00,,4746.00,564.00,32.00,58.00,51.00,17.00,35.00,13.00,APPROVED
CA: SAN DIEGO,02/05/2009 00:18:00,,4815.00,563.00,32.00,61.00,50.00,17.00,36.00,12.00,APPROVED
CA: SAN DIEGO,02/05/2009 01:18:00,,4911.00,576.00,31.00,68.00,48.00,16.00,37.00,13.00,APPROVED
CA: SAN DIEGO,02/05/2009 02:19:00,,5011.00,589.00,30.00,78.00,42.00,17.00,35.00,13.00,APPROVED
CA: SAN DIEGO,02/05/2009 03:19:00,,5018.00,583.00,30.00,82.00,36.00,17.00,34.00,12.00,APPROVED
CA: SAN DIEGO,02/05/2009 04:19:00,,5109.00,599.00,30.00,86.00,33.00,17.00,35.00,13.00,APPROVED
CA: SAN DIEGO,02/05/2009 05:19:00,,5259.00,623.00,29.00,93.00,32.00,20.00,38.00,12.00,APPROVED
CA: SAN DIEGO,02/05/2009 06:19:00,,5323.00,636.00,32.00,97.00,34.00,19.00,37.00,13.00,APPROVED
CA: SAN DIEGO,02/05/2009 07:20:00,,5330.00,633.00,32.00,96.00,32.00,20.00,36.00,13.00,APPROVED
CA: SAN DIEGO,02/05/2009 08:20:00,,5316.00,632.00,31.00,94.00,30.00,21.00,39.00,13.00,APPROVED
CA: SAN DIEGO,02/05/2009 09:20:00,,5316.00,623.00,30.00,94.00,30.00,20.00,38.00,13.00,APPROVED
CA: SAN DIEGO,02/05/2009 10:20:00,,5311.00,625.00,30.00,95.00,31.00,19.00,37.00,13.00,APPROVED
CA: SAN DIEGO,02/05/2009 11:20:00,,5358.00,633.00,31.00,99.00,30.00,21.00,37.00,13.00,APPROVED
CA: SAN DIEGO,02/05/2009 12:21:00,,5300.00,634.00,32.00,97.00,27.00,22.00,37.00,13.00,APPROVED
CA: SAN DIEGO,02/05/2009 13:21:00,,5191.00,617.00,31.00,97.00,25.00,22.00,35.00,13.00,APPROVED
CA: SAN DIEGO,02/05/2009 14:21:00,,5274.00,637.00,31.00,100.00,25.00,23.00,38.00,13.00,APPROVED
CA: SAN DIEGO,02/05/2009 15:21:00,,5215.00,631.00,33.00,99.00,25.00,25.00,37.00,14.00,APPROVED
CA: SAN DIEGO,02/05/2009 16:21:00,,5141.00,628.00,33.00,99.00,26.00,24.00,38.00,13.00,APPROVED
CA: SAN DIEGO,02/05/2009 17:21:00,,5036.00,602.00,32.00,91.00,29.00,21.00,39.00,14.00,APPROVED
CA: SAN DIEGO,02/05/2009 18:22:00,,4881.00,580.00,30.00,84.00,33.00,18.00,37.00,12.00,APPROVED
CA: SAN DIEGO,02/06/2009 23:27:00,,4664.00,525.00,25.00,79.00,29.00,16.00,30.00,11.00,APPROVED
CA: SAN DIEGO,02/11/2009 20:54:00,,4506.00,513.00,25.00,70.00,33.00,15.00,31.00,12.00,APPROVED
CA: SAN DIEGO,04/06/2009 20:39:00,,4575.00,541.00,31.00,54.00,51.00,17.00,33.00,11.00,APPROVED
CA: SAN DIEGO,04/06/2009 21:39:00,,4630.00,544.00,31.00,54.00,50.00,16.00,34.00,12.00,APPROVED
CA: SAN DIEGO,04/06/2009 23:39:00,,4700.00,555.00,31.00,58.00,51.00,17.00,34.00,12.00,APPROVED
CA: SAN DIEGO,04/07/2009 00:40:00,,4727.00,560.00,32.00,58.00,51.00,16.00,34.00,11.00,APPROVED
CA: SAN DIEGO,04/07/2009 01:40:00,,4701.00,552.00,30.00,57.00,49.00,16.00,33.00,11.00,APPROVED
CA: SAN DIEGO,04/07/2009 02:40:00,,4696.00,550.00,29.00,63.00,47.00,17.00,33.00,11.00,APPROVED
CA: SAN DIEGO,04/07/2009 03:40:00,,4709.00,537.00,28.00,70.00,42.00,15.00,33.00,12.00,APPROVED
CA: SAN DIEGO,04/07/2009 04:40:00,,4996.00,584.00,30.00,78.00,40.00,17.00,35.00,11.00,APPROVED
CA: SAN DIEGO,04/07/2009 05:41:00,,5136.00,614.00,30.00,87.00,38.00,18.00,36.00,13.00,APPROVED
CA: SAN DIEGO,04/07/2009 18:43:00,,4480.00,512.00,27.00,66.00,40.00,15.00,34.00,12.00,APPROVED
CA: SAN DIEGO,04/08/2009 00:45:00,,4675.00,526.00,28.00,70.00,41.00,16.00,32.00,11.00,APPROVED
CA: SAN DIEGO,04/08/2009 01:45:00,,4665.00,522.00,27.00,73.00,38.00,15.00,32.00,12.00,APPROVED
CA: SAN DIEGO,05/17/2009 17:07:00,,5158.00,612.00,31.00,86.00,39.00,18.00,38.00,13.00,APPROVED
CA: SAN DIEGO,06/09/2009 02:14:00,,4659.00,524.00,26.00,69.00,39.00,15.00,31.00,11.00,APPROVED
CA: SAN DIEGO,07/11/2009 22:15:00,,4704.00,548.00,31.00,53.00,50.00,17.00,34.00,11.00,APPROVED
CA: SAN DIEGO,08/04/2009 22:05:00,,4589.00,535.00,30.00,50.00,50.00,16.00,33.00,12.00,APPROVED
CA: SAN DIEGO,08/07/2009 23:21:00,,4643.00,538.00,29.00,56.00,50.00,16.00,32.00,11.00,APPROVED
CA: SAN DIEGO,08/08/2009 02:22:00,,4750.00,543.00,29.00,61.00,49.00,15.00,32.00,12.00,APPROVED
CA: SAN DIEGO,08/08/2009 17:25:00,,4943.00,572.00,30.00,69.00,51.00,17.00,33.00,11.00,APPROVED
CA: SAN DIEGO,08/13/2009 16:48:00,,4748.00,569.00,31.00,74.00,39.00,17.00,38.00,13.00,APPROVED
CA: SAN DIEGO,08/13/2009 17:49:00,,4709.00,566.00,31.00,65.00,46.00,17.00,38.00,12.00,APPROVED
CA: SAN DIEGO,08/13/2009 19:49:00,,4657.00,554.00,31.00,59.00,51.00,15.00,37.00,13.00,APPROVED
CA: SAN DIEGO,08/13/2009 20:50:00,,4711.00,552.00,31.00,59.00,51.00,17.00,34.00,11.00,APPROVED
CA: SAN DIEGO,08/13/2009 21:50:00,,4671.00,544.00,29.00,56.00,52.00,16.00,34.00,12.00,APPROVED
CA: SAN DIEGO,08/13/2009 22:50:00,,4703.00,547.00,30.00,59.00,51.00,17.00,33.00,12.00,APPROVED
CA: SAN DIEGO,08/24/2009 19:21:00,,4611.00,557.00,32.00,54.00,52.00,16.00,37.00,12.00,APPROVED
CA: SAN DIEGO,08/25/2009 01:52:00,,4775.00,554.00,30.00,56.00,51.00,16.00,33.00,12.00,APPROVED
CA: SAN DIEGO,08/26/2009 07:58:00,,5396.00,671.00,36.00,84.00,49.00,18.00,42.00,13.00,APPROVED
CA: SAN DIEGO,08/26/2009 18:01:00,,4600.00,560.00,34.00,53.00,50.00,18.00,36.00,13.00,APPROVED
CA: SAN DIEGO,08/26/2009 19:01:00,,4743.00,591.00,36.00,53.00,49.00,19.00,38.00,14.00,APPROVED
CA: SAN DIEGO,08/26/2009 23:02:00,,4697.00,552.00,33.00,50.00,52.00,17.00,35.00,13.00,APPROVED
CA: SAN DIEGO,08/27/2009 00:02:00,,4694.00,553.00,31.00,50.00,51.00,17.00,34.00,13.00,APPROVED
CA: SAN DIEGO,08/27/2009 01:02:00,,4741.00,557.00,31.00,50.00,52.00,17.00,34.00,12.00,APPROVED
CA: SAN DIEGO,08/27/2009 02:03:00,,4754.00,554.00,31.00,51.00,52.00,18.00,34.00,12.00,APPROVED
CA: SAN DIEGO,08/27/2009 03:03:00,,4760.00,558.00,32.00,50.00,53.00,18.00,34.00,12.00,APPROVED
CA: SAN DIEGO,08/27/2009 04:03:00,,4908.00,569.00,30.00,56.00,57.00,16.00,34.00,12.00,APPROVED
CA: SAN DIEGO,08/27/2009 07:04:00,,4934.00,579.00,31.00,69.00,48.00,17.00,33.00,13.00,APPROVED
CA: SAN DIEGO,08/27/2009 08:04:00,,4965.00,579.00,31.00,70.00,46.00,18.00,36.00,12.00,APPROVED
CA: SAN DIEGO,08/27/2009 09:04:00,,5128.00,609.00,31.00,75.00,47.00,17.00,39.00,12.00,APPROVED
CA: SAN DIEGO,08/27/2009 10:04:00,,5272.00,650.00,34.00,80.00,48.00,19.00,40.00,13.00,APPROVED
CA: SAN DIEGO,08/27/2009 11:05:00,,5460.00,702.00,37.00,85.00,48.00,21.00,46.00,13.00,APPROVED
CA: SAN DIEGO,08/27/2009 12:05:00,,5357.00,706.00,37.00,87.00,47.00,21.00,47.00,13.00,APPROVED
CA: SAN DIEGO,08/27/2009 13:05:00,,5268.00,688.00,36.00,83.00,46.00,20.00,48.00,13.00,APPROVED
CA: SAN DIEGO,08/27/2009 14:05:00,,5204.00,680.00,36.00,81.00,45.00,20.00,44.00,13.00,APPROVED
CA: SAN DIEGO,08/27/2009 15:05:00,,5159.00,660.00,36.00,78.00,47.00,20.00,44.00,13.00,APPROVED
CA: SAN DIEGO,08/27/2009 16:06:00,,5115.00,662.00,37.00,71.00,54.00,19.00,45.00,13.00,APPROVED
CA: SAN DIEGO,08/27/2009 17:06:00,,4892.00,633.00,37.00,61.00,57.00,20.00,43.00,15.00,APPROVED
CA: SAN DIEGO,08/27/2009 18:06:00,,4540.00,569.00,36.00,53.00,49.00,19.00,39.00,14.00,APPROVED
CA: SAN DIEGO,08/27/2009 19:06:00,,4588.00,586.00,36.00,53.00,47.00,20.00,39.00,15.00,APPROVED
CA: SAN DIEGO,08/27/2009 20:07:00,,4594.00,586.00,35.00,52.00,47.00,19.00,39.00,14.00,APPROVED
CA: SAN DIEGO,08/27/2009 21:07:00,,4635.00,583.00,35.00,53.00,47.00,20.00,38.00,13.00,APPROVED
CA: SAN DIEGO,08/27/2009 22:07:00,,4642.00,572.00,33.00,52.00,48.00,17.00,39.00,13.00,APPROVED
CA: SAN DIEGO,08/27/2009 23:07:00,,4647.00,569.00,35.00,51.00,48.00,17.00,35.00,13.00,APPROVED
CA: SAN DIEGO,08/28/2009 00:08:00,,4701.00,566.00,34.00,53.00,49.00,18.00,37.00,12.00,APPROVED
CA: SAN DIEGO,08/28/2009 01:08:00,,4792.00,581.00,34.00,51.00,51.00,18.00,36.00,13.00,APPROVED
CA: SAN DIEGO,08/28/2009 02:08:00,,4818.00,579.00,33.00,55.00,53.00,17.00,36.00,12.00,APPROVED
CA: SAN DIEGO,08/28/2009 03:08:00,,4903.00,586.00,33.00,56.00,55.00,18.00,38.00,13.00,APPROVED
CA: SAN DIEGO,08/28/2009 04:09:00,,5024.00,606.00,35.00,61.00,56.00,18.00,38.00,13.00,APPROVED
CA: SAN DIEGO,08/28/2009 05:09:00,,5222.00,650.00,35.00,67.00,57.00,19.00,40.00,14.00,APPROVED
CA: SAN DIEGO,08/28/2009 06:09:00,,5386.00,702.00,40.00,72.00,59.00,20.00,47.00,13.00,APPROVED
CA: SAN DIEGO,08/28/2009 07:09:00,,5538.00,738.00,41.00,82.00,62.00,22.00,52.00,14.00,APPROVED
CA: SAN DIEGO,08/28/2009 09:10:00,,5623.00,754.00,42.00,80.00,59.00,21.00,53.00,14.00,APPROVED
CA: SAN DIEGO,08/28/2009 10:10:00,,5719.00,784.00,46.00,85.00,58.00,22.00,55.00,14.00,APPROVED
CA: SAN DIEGO,08/28/2009 11:10:00,,5759.00,790.00,43.00,90.00,57.00,22.00,56.00,14.00,APPROVED
CA: SAN DIEGO,08/28/2009 12:10:00,,5391.00,710.00,39.00,84.00,50.00,21.00,51.00,13.00,APPROVED
CA: SAN DIEGO,08/28/2009 16:11:00,,5454.00,740.00,44.00,80.00,57.00,22.00,53.00,14.00,APPROVED
CA: SAN DIEGO,08/28/2009 17:12:00,,5259.00,712.00,43.00,72.00,59.00,22.00,51.00,15.00,APPROVED
CA: SAN DIEGO,08/28/2009 18:12:00,,4934.00,657.00,42.00,62.00,55.00,21.00,49.00,16.00,APPROVED
CA: SAN DIEGO,08/28/2009 19:12:00,,4696.00,622.00,39.00,59.00,50.00,21.00,44.00,15.00,APPROVED
CA: SAN DIEGO,08/28/2009 20:12:00,,4545.00,587.00,37.00,56.00,48.00,19.00,39.00,15.00,APPROVED
CA: SAN DIEGO,08/28/2009 21:13:00,,4508.00,561.00,33.00,50.00,47.00,19.00,37.00,12.00,APPROVED
CA: SAN DIEGO,08/28/2009 22:13:00,,4540.00,555.00,34.00,50.00,47.00,18.00,35.00,13.00,APPROVED
CA: SAN DIEGO,08/28/2009 23:13:00,,4582.00,551.00,34.00,49.00,48.00,18.00,36.00,12.00,APPROVED
CA: SAN DIEGO,08/29/2009 00:13:00,,4690.00,567.00,34.00,51.00,50.00,17.00,35.00,13.00,APPROVED
CA: SAN DIEGO,08/29/2009 01:13:00,,4884.00,587.00,34.00,53.00,51.00,18.00,37.00,13.00,APPROVED
CA: SAN DIEGO,08/29/2009 02:14:00,,5015.00,606.00,36.00,55.00,56.00,18.00,37.00,13.00,APPROVED
CA: SAN DIEGO,08/29/2009 03:14:00,,5099.00,622.00,36.00,58.00,56.00,18.00,38.00,13.00,APPROVED
CA: SAN DIEGO,08/29/2009 04:14:00,,5183.00,632.00,35.00,62.00,59.00,18.00,42.00,13.00,APPROVED
CA: SAN DIEGO,08/29/2009 05:14:00,,5252.00,629.00,34.00,67.00,56.00,19.00,39.00,14.00,APPROVED
CA: SAN DIEGO,08/29/2009 17:17:00,,5657.00,764.00,45.00,76.00,65.00,23.00,55.00,16.00,APPROVED
CA: SAN DIEGO,08/29/2009 19:18:00,,4956.00,646.00,40.00,60.00,55.00,21.00,44.00,15.00,APPROVED
CA: SAN DIEGO,08/29/2009 20:18:00,,4818.00,627.00,40.00,58.00,51.00,22.00,41.00,16.00,APPROVED
CA: SAN DIEGO,08/29/2009 21:18:00,,4771.00,615.00,37.00,56.00,51.00,20.00,41.00,15.00,APPROVED
CA: SAN DIEGO,08/29/2009 22:18:00,,4754.00,605.00,37.00,56.00,51.00,20.00,39.00,15.00,APPROVED
CA: SAN DIEGO,08/29/2009 23:18:00,,4714.00,600.00,36.00,57.00,50.00,20.00,40.00,14.00,APPROVED
CA: SAN DIEGO,08/30/2009 00:19:00,,4781.00,600.00,37.00,55.00,50.00,19.00,39.00,15.00,APPROVED
CA: SAN DIEGO,08/30/2009 01:19:00,,4900.00,612.00,37.00,56.00,53.00,19.00,39.00,13.00,APPROVED
CA: SAN DIEGO,08/30/2009 02:19:00,,5067.00,624.00,37.00,56.00,56.00,18.00,38.00,13.00,APPROVED
CA: SAN DIEGO,08/30/2009 03:19:00,,5163.00,629.00,37.00,59.00,58.00,20.00,41.00,14.00,APPROVED
CA: SAN DIEGO,08/30/2009 05:20:00,,5240.00,638.00,37.00,69.00,58.00,19.00,41.00,14.00,APPROVED
CA: SAN DIEGO,08/30/2009 07:20:00,,5871.00,809.00,46.00,85.00,63.00,22.00,57.00,15.00,APPROVED
CA: SAN DIEGO,08/30/2009 08:21:00,,6234.00,928.00,53.00,102.00,67.00,27.00,68.00,16.00,APPROVED
CA: SAN DIEGO,08/30/2009 09:21:00,,6285.00,922.00,52.00,104.00,66.00,26.00,67.00,16.00,APPROVED
